time,Cid,hits
2016-07-06,6,2554
2017-06-08,2,82560
2017-06-08,3,41331
2018-01-10,1,8941
2018-01-23,2,13598
2018-03-02,5,27341
2018-03-13,2,19350
2018-04-08,5,32597
2018-05-11,5,17543
2018-07-26,2,23556
2018-08-08,2,8882
2018-08-10,1,9582
2018-08-16,3,13650
2018-08-21,3,22899
2018-08-23,2,19873
2018-10-01,5,5793
2018-10-24,2,12349
2018-11-12,5,11928
2018-11-29,5,8953
2018-11-30,3,4117
2018-11-30,5,10818
2018-12-05,3,54397
2018-12-10,3,3528
2018-12-17,1,2678
2018-12-17,2,7865
2018-12-17,5,13236
2018-12-20,4,2327
2018-12-21,1,4358
2018-12-24,2,38201
2018-12-24,3,3300
2018-12-26,5,6785
2018-12-27,1,7179
2018-12-27,3,6743
2018-12-28,1,3511
2018-12-28,3,14377
2018-12-31,3,3170
2019-01-02,1,2294
2019-01-02,5,4481
2019-01-03,1,4019
2019-01-03,2,7660
2019-01-03,3,2576
2019-01-03,5,4198
2019-01-03,8,3587
2019-01-04,1,5269
2019-01-04,3,6425
2019-01-04,5,5358
2019-01-07,1,4218
2019-01-07,3,11358
2019-01-07,10,525
2019-01-08,1,11863
2019-01-08,2,10516
2019-01-08,3,8042
2019-01-08,5,9808
2019-01-09,1,8476
2019-01-09,3,21967
2019-01-09,8,1958
2019-01-10,1,6280
2019-01-10,3,10523
2019-01-10,5,5028
2019-01-10,6,2256
2019-01-11,1,2733
2019-01-11,3,4813
2019-01-11,5,24091
2019-01-11,8,2192
2019-01-12,1,1400
2019-01-14,1,8601
2019-01-14,2,21458
2019-01-14,3,3660
2019-01-14,5,9263
2019-01-14,8,3692
2019-01-15,1,4578
2019-01-15,3,3148
2019-01-15,5,21465
2019-01-15,8,4374
2019-01-15,10,897
2019-01-16,1,4301
2019-01-16,5,7239
2019-01-17,1,5662
2019-01-17,2,11497
2019-01-17,8,3525
2019-01-18,1,9944
2019-01-18,2,5416
2019-01-18,3,11914
2019-01-21,1,16852
2019-01-21,2,15106
2019-01-21,4,9474
2019-01-21,5,12312
2019-01-22,1,5945
2019-01-22,3,10215
2019-01-23,1,3149
2019-01-23,2,39816
2019-01-23,5,8315
2019-01-23,6,3883
2019-01-23,8,1850
2019-01-23,10,487
2019-01-24,1,6813
2019-01-24,2,58634
2019-01-24,5,10427
2019-01-24,10,675
2019-01-25,1,13671
2019-01-25,2,14243
2019-01-25,5,5978
2019-01-25,10,1954
2019-01-28,1,10489
2019-01-28,2,77023
2019-01-29,1,8837
2019-01-29,5,8394
2019-01-29,8,1602
2019-01-30,1,6623
2019-01-30,2,18331
2019-01-30,3,18033
2019-01-30,5,16485
2019-01-30,8,1548
2019-01-31,1,16988
2019-01-31,2,22879
2019-01-31,3,5560
2019-01-31,5,6352
2019-01-31,8,1578
2019-02-01,1,5682
2019-02-01,2,6831
2019-02-05,8,1838
2019-02-07,1,8716
2019-02-07,3,3917
2019-02-07,4,12467
2019-02-07,5,10670
2019-02-07,6,4266
2019-02-07,10,1031
2019-02-08,1,24080
2019-02-08,2,18872
2019-02-08,4,2196
2019-02-08,5,13556
2019-02-08,8,3155
2019-02-11,1,19232
2019-02-11,2,5806
2019-02-11,3,4878
2019-02-11,6,2324
2019-02-11,8,3465
2019-02-11,10,2598
2019-02-12,1,13915
2019-02-12,3,26649
2019-02-12,8,1776
2019-02-13,1,10480
2019-02-13,2,5345
2019-02-13,3,7784
2019-02-13,5,5573
2019-02-13,8,1619
2019-02-13,10,817
2019-02-14,1,14334
2019-02-14,2,7061
2019-02-14,3,7554
2019-02-14,5,7202
2019-02-14,8,3255
2019-02-15,1,14310
2019-02-15,2,22915
2019-02-15,3,4440
2019-02-15,5,11242
2019-02-15,8,1673
2019-02-17,8,1590
2019-02-18,1,22184
2019-02-18,3,4551
2019-02-18,5,16919
2019-02-18,8,1873
2019-02-19,1,9100
2019-02-19,3,3575
2019-02-19,8,3275
2019-02-20,2,7522
2019-02-20,3,9051
2019-02-21,1,9967
2019-02-21,2,19071
2019-02-21,3,6695
2019-02-21,4,3081
2019-02-21,5,12566
2019-02-21,10,546
2019-02-22,1,10340
2019-02-22,5,19992
2019-02-22,8,1829
2019-02-25,1,14827
2019-02-25,2,11404
2019-02-25,3,13919
2019-02-25,10,474
2019-02-26,1,15486
2019-02-26,2,82389
2019-02-26,5,17676
2019-02-26,10,714
2019-02-27,1,15238
2019-02-27,3,7126
2019-02-28,1,6696
2019-02-28,2,42322
2019-02-28,3,5137
2019-02-28,5,7448
2019-02-28,10,535
2019-03-04,1,15935
2019-03-04,3,3833
2019-03-04,5,10922
2019-03-04,10,599
2019-03-05,1,16077
2019-03-05,2,13260
2019-03-05,3,10650
2019-03-05,5,33734
2019-03-05,8,1668
2019-03-06,1,15432
2019-03-06,3,5601
2019-03-06,8,1523
2019-03-07,1,16994
2019-03-07,2,5498
2019-03-07,3,12035
2019-03-07,5,28722
2019-03-07,8,1874
2019-03-08,1,5246
2019-03-08,3,6640
2019-03-08,5,6077
2019-03-08,8,3610
2019-03-08,10,788
2019-03-09,1,1873
2019-03-11,1,11333
2019-03-11,2,36438
2019-03-11,3,3539
2019-03-11,6,3252
2019-03-11,8,1776
2019-03-11,10,319
2019-03-12,1,9638
2019-03-12,3,4477
2019-03-12,5,41732
2019-03-12,8,2739
2019-03-12,10,407
2019-03-13,1,2549
2019-03-13,2,33823
2019-03-13,3,3859
2019-03-13,8,1719
2019-03-14,1,10740
2019-03-14,2,5889
2019-03-14,3,13339
2019-03-14,5,5896
2019-03-14,8,1852
2019-03-15,1,13363
2019-03-15,2,5046
2019-03-15,3,6201
2019-03-15,8,1765
2019-03-16,1,2626
2019-03-18,1,8149
2019-03-18,2,8335
2019-03-18,3,7659
2019-03-18,5,11412
2019-03-18,8,3619
2019-03-19,1,13469
2019-03-19,2,12285
2019-03-19,3,2272
2019-03-19,5,4833
2019-03-19,8,1680
2019-03-20,1,5854
2019-03-20,2,8871
2019-03-20,3,4944
2019-03-20,10,650
2019-03-21,1,1703
2019-03-21,2,13298
2019-03-21,3,2937
2019-03-21,5,7047
2019-03-22,1,6587
2019-03-22,2,4852
2019-03-22,3,6890
2019-03-22,8,1773
2019-03-25,1,16234
2019-03-25,3,2153
2019-03-25,8,1714
2019-03-26,1,14000
2019-03-26,3,3507
2019-03-26,5,13136
2019-03-26,8,1704
2019-03-27,1,7951
2019-03-27,2,207
2019-03-28,1,19308
2019-03-29,1,25501
2019-03-29,2,5993
2019-03-29,3,8139
2019-03-29,5,7738
2019-03-29,8,3741
2019-03-29,10,271
2019-03-31,8,1712
2019-04-01,1,12204
2019-04-01,2,25136
2019-04-01,5,29922
2019-04-01,8,3563
2019-04-02,1,3514
2019-04-02,4,2889
2019-04-02,5,6557
2019-04-02,8,6310
2019-04-03,1,10887
2019-04-03,3,23777
2019-04-03,5,5154
2019-04-03,8,1681
2019-04-04,1,3740
2019-04-04,2,8399
2019-04-04,3,3151
2019-04-04,8,3474
2019-04-04,10,1145
2019-04-05,1,9260
2019-04-05,2,12763
2019-04-05,3,7179
2019-04-05,4,5750
2019-04-08,1,16618
2019-04-08,2,18535
2019-04-08,3,5485
2019-04-08,5,14956
2019-04-09,1,12124
2019-04-09,10,584
2019-04-10,1,4178
2019-04-10,3,9157
2019-04-10,5,5309
2019-04-10,10,301
2019-04-11,1,16096
2019-04-11,5,4634
2019-04-12,2,6973
2019-04-12,8,1912
2019-04-15,1,12374
2019-04-15,3,4651
2019-04-15,5,9312
2019-04-16,1,11475
2019-04-16,8,3801
2019-04-16,10,312
2019-04-17,2,9398
2019-04-17,5,21641
2019-04-17,8,1767
2019-04-17,10,234
2019-04-18,1,7146
2019-04-18,5,10580
2019-04-18,8,1762
2019-04-18,10,582
2019-04-19,1,5977
2019-04-19,2,11554
2019-04-19,8,1713
2019-04-21,8,1712
2019-04-22,1,31158
2019-04-22,3,12359
2019-04-22,5,5313
2019-04-23,1,19664
2019-04-23,3,3506
2019-04-23,10,347
2019-04-24,1,6216
2019-04-24,2,5218
2019-04-24,5,9712
2019-04-24,8,3591
2019-04-24,10,725
2019-04-25,1,3579
2019-04-25,2,6456
2019-04-25,3,4022
2019-04-25,5,5870
2019-04-25,8,1979
2019-04-26,1,6204
2019-04-26,2,4878
2019-04-26,3,1882
2019-04-26,4,25381
2019-04-26,5,10389
2019-04-29,1,19076
2019-04-29,2,10814
2019-04-29,3,5147
2019-04-29,5,4729
2019-04-29,10,502
2019-04-30,1,28090
2019-04-30,2,5342
2019-04-30,3,11557
2019-04-30,8,1704
2019-04-30,10,410
2019-05-01,1,21158
2019-05-01,3,5082
2019-05-01,4,2535
2019-05-01,5,13488
2019-05-02,1,24871
2019-05-02,2,19922
2019-05-02,4,4298
2019-05-02,5,4870
2019-05-02,10,261
2019-05-03,1,11725
2019-05-03,2,7059
2019-05-03,8,1698
2019-05-03,10,539
2019-05-07,1,24074
2019-05-07,2,5343
2019-05-07,5,5424
2019-05-07,10,385
2019-05-09,1,10161
2019-05-09,3,1989
2019-05-09,8,1735
2019-05-09,10,1058
2019-05-10,1,8860
2019-05-10,2,22708
2019-05-10,4,2636
2019-05-10,5,4578
2019-05-10,8,1661
2019-05-10,10,242
2019-05-11,1,2074
2019-05-13,1,5948
2019-05-13,2,15257
2019-05-13,3,2922
2019-05-13,10,337
2019-05-14,1,25505
2019-05-14,5,7855
2019-05-14,10,745
2019-05-15,1,6612
2019-05-15,2,9188
2019-05-15,3,10029
2019-05-15,5,4944
2019-05-15,8,3192
2019-05-16,1,23345
2019-05-16,2,30065
2019-05-16,3,12501
2019-05-16,5,11161
2019-05-16,10,527
2019-05-17,1,20366
2019-05-17,2,12474
2019-05-17,3,4521
2019-05-17,6,3436
2019-05-17,8,1557
2019-05-17,10,763
2019-05-19,8,1841
2019-05-20,1,17709
2019-05-20,3,4463
2019-05-20,10,786
2019-05-21,1,8758
2019-05-21,2,6790
2019-05-21,3,10324
2019-05-21,5,4768
2019-05-21,8,3346
2019-05-21,10,178
2019-05-22,1,17692
2019-05-22,2,16811
2019-05-22,3,3609
2019-05-22,5,4809
2019-05-22,8,1724
2019-05-22,10,962
2019-05-23,1,8684
2019-05-23,2,12048
2019-05-23,3,7428
2019-05-23,5,4802
2019-05-23,6,3370
2019-05-23,10,237
2019-05-24,1,7999
2019-05-24,2,17561
2019-05-24,5,10224
2019-05-24,8,1859
2019-05-24,10,951
2019-05-27,1,25067
2019-05-27,2,18061
2019-05-27,3,3643
2019-05-27,5,9252
2019-05-27,8,1624
2019-05-28,1,11314
2019-05-28,2,41206
2019-05-28,5,17778
2019-05-28,6,2962
2019-05-28,10,972
2019-05-29,1,10486
2019-05-29,3,7310
2019-05-29,4,5406
2019-05-29,5,7041
2019-05-29,6,1075
2019-05-29,8,3238
2019-05-30,1,2496
2019-05-30,8,1980
2019-05-31,1,4324
2019-05-31,3,5508
2019-05-31,5,6979
2019-05-31,8,1841
2019-06-03,1,14785
2019-06-03,2,41265
2019-06-03,3,5694
2019-06-03,5,7155
2019-06-03,8,1952
2019-06-04,1,7310
2019-06-04,2,5116
2019-06-04,3,4273
2019-06-04,5,16559
2019-06-04,6,2840
2019-06-04,8,1662
2019-06-05,1,26471
2019-06-05,2,7943
2019-06-05,6,3045
2019-06-05,8,1880
2019-06-07,1,16717
2019-06-07,2,18623
2019-06-07,3,17715
2019-06-07,5,23470
2019-06-07,8,1827
2019-06-08,1,1431
2019-06-08,8,1673
2019-06-10,1,12137
2019-06-10,2,21842
2019-06-10,3,21514
2019-06-10,5,10028
2019-06-10,10,231
2019-06-11,1,19825
2019-06-11,3,10360
2019-06-11,5,20418
2019-06-11,10,825
2019-06-12,1,15946
2019-06-12,3,2231
2019-06-12,8,2184
2019-06-12,10,243
2019-06-13,1,35836
2019-06-13,3,10909
2019-06-13,5,15547
2019-06-13,10,266
2019-06-14,1,14228
2019-06-14,2,16748
2019-06-14,10,279
2019-06-16,8,1808
2019-06-17,1,29473
2019-06-17,2,16438
2019-06-17,4,5304
2019-06-17,5,11509
2019-06-18,1,7956
2019-06-18,2,12250
2019-06-18,3,8367
2019-06-18,5,35661
2019-06-19,1,6385
2019-06-19,2,6267
2019-06-19,3,3352
2019-06-19,8,1599
2019-06-20,1,17834
2019-06-20,2,7382
2019-06-20,3,8923
2019-06-20,4,2638
2019-06-20,5,15148
2019-06-20,8,1659
2019-06-20,10,227
2019-06-21,1,38345
2019-06-21,2,11212
2019-06-21,3,2668
2019-06-21,5,10982
2019-06-24,1,21260
2019-06-24,2,23745
2019-06-24,3,7016
2019-06-24,5,7430
2019-06-25,1,12233
2019-06-25,5,11009
2019-06-25,10,199
2019-06-26,1,16342
2019-06-26,2,25462
2019-06-26,3,2521
2019-06-27,1,23841
2019-06-27,5,7069
2019-06-27,10,535
2019-06-28,1,31541
2019-06-28,3,3273
2019-06-28,5,7207
2019-06-28,8,3260
2019-07-01,1,23630
2019-07-01,2,6680
2019-07-01,3,2976
2019-07-01,5,6440
2019-07-01,8,1666
2019-07-02,1,25962
2019-07-02,2,7968
2019-07-02,3,8229
2019-07-02,5,7671
2019-07-02,10,172
2019-07-03,1,15000
2019-07-03,2,6681
2019-07-03,3,11519
2019-07-03,8,1620
2019-07-03,10,482
2019-07-04,1,4932
2019-07-04,2,30328
2019-07-04,3,2660
2019-07-04,5,5831
2019-07-04,10,439
2019-07-05,1,2078
2019-07-05,8,1537
2019-07-08,1,11730
2019-07-08,2,28830
2019-07-08,10,419
2019-07-09,1,17776
2019-07-09,2,27728
2019-07-09,3,20914
2019-07-09,5,4973
2019-07-09,10,221
2019-07-10,1,17912
2019-07-10,2,14532
2019-07-10,3,8251
2019-07-10,5,14566
2019-07-10,8,1568
2019-07-11,1,8017
2019-07-11,4,3336
2019-07-11,5,4795
2019-07-11,8,1517
2019-07-12,1,10781
2019-07-12,2,8144
2019-07-12,3,23174
2019-07-12,8,3279
2019-07-13,1,2176
2019-07-15,1,19028
2019-07-15,10,169
2019-07-16,1,20757
2019-07-16,2,40444
2019-07-16,5,24728
2019-07-16,8,1546
2019-07-16,10,400
2019-07-17,1,3543
2019-07-17,2,35602
2019-07-17,5,12873
2019-07-17,8,1534
2019-07-17,10,1209
2019-07-18,1,29026
2019-07-18,2,27586
2019-07-18,4,6315
2019-07-18,5,4811
2019-07-19,1,11273
2019-07-19,2,28181
2019-07-19,3,8662
2019-07-19,5,4743
2019-07-19,10,296
2019-07-22,1,12170
2019-07-22,3,4232
2019-07-22,5,16678
2019-07-22,8,3443
2019-07-22,10,315
2019-07-23,1,7590
2019-07-23,5,5028
2019-07-23,8,3189
2019-07-24,1,17748
2019-07-24,2,20822
2019-07-24,3,5107
2019-07-24,5,4432
2019-07-25,1,6766
2019-07-25,2,10375
2019-07-26,1,26049
2019-07-26,2,5188
2019-07-26,3,3863
2019-07-27,6,1791
2019-07-29,1,15290
2019-07-29,2,17765
2019-07-29,3,8794
2019-07-29,4,4427
2019-07-29,5,10020
2019-07-30,1,10263
2019-07-30,2,12755
2019-07-30,3,5984
2019-07-30,5,4123
2019-07-30,10,211
2019-07-31,1,7322
2019-07-31,5,4262
2019-08-01,1,6761
2019-08-01,3,6938
2019-08-01,5,5130
2019-08-01,10,609
2019-08-02,1,6549
2019-08-02,3,4250
2019-08-02,5,3999
2019-08-02,8,1598
2019-08-05,1,21951
2019-08-05,2,45027
2019-08-05,3,2885
2019-08-05,5,5803
2019-08-05,8,6863
2019-08-06,1,19009
2019-08-06,3,5981
2019-08-06,10,1196
2019-08-07,1,5250
2019-08-07,3,12439
2019-08-07,5,13312
2019-08-08,1,18368
2019-08-08,2,5778
2019-08-08,3,10716
2019-08-08,8,1556
2019-08-08,10,625
2019-08-09,1,15528
2019-08-09,2,55037
2019-08-09,3,3304
2019-08-09,10,258
2019-08-12,1,25182
2019-08-12,2,14461
2019-08-12,3,33068
2019-08-13,1,7567
2019-08-13,2,7335
2019-08-13,8,1503
2019-08-14,1,14585
2019-08-14,2,21645
2019-08-14,3,10507
2019-08-14,5,12414
2019-08-16,1,24645
2019-08-16,2,6750
2019-08-16,3,14466
2019-08-16,8,1591
2019-08-19,1,11869
2019-08-19,3,4574
2019-08-19,5,15510
2019-08-19,8,1564
2019-08-19,10,381
2019-08-20,1,14783
2019-08-20,2,14389
2019-08-20,3,16361
2019-08-20,5,15684
2019-08-20,8,1939
2019-08-20,10,2081
2019-08-21,1,13298
2019-08-21,8,1828
2019-08-21,10,577
2019-08-22,1,6354
2019-08-22,2,11006
2019-08-22,3,22536
2019-08-23,1,20900
2019-08-23,2,12573
2019-08-23,3,5807
2019-08-23,5,8243
2019-08-23,10,279
2019-08-24,1,4142
2019-08-26,1,20272
2019-08-26,2,7759
2019-08-26,5,4800
2019-08-27,1,14265
2019-08-27,5,9193
2019-08-27,10,320
2019-08-28,1,8604
2019-08-28,2,17730
2019-08-28,3,4779
2019-08-29,1,17156
2019-08-29,2,12300
2019-08-29,3,12635
2019-08-29,5,13926
2019-08-29,10,368
2019-08-30,1,19278
2019-08-30,2,19148
2019-08-30,3,10762
2019-08-30,5,5175
2019-08-30,10,413
2019-09-01,1,1808
2019-09-02,1,30958
2019-09-02,3,7557
2019-09-02,5,5733
2019-09-02,8,2986
2019-09-02,10,738
2019-09-03,1,15925
2019-09-03,2,15771
2019-09-03,3,3372
2019-09-03,8,3135
2019-09-03,10,1126
2019-09-04,1,10284
2019-09-04,2,5887
2019-09-04,3,3364
2019-09-04,6,1740
2019-09-04,8,1433
2019-09-05,1,26835
2019-09-05,2,4362
2019-09-05,3,3437
2019-09-05,5,4378
2019-09-05,8,1592
2019-09-05,10,1331
2019-09-06,1,27105
2019-09-06,2,18566
2019-09-06,3,11602
2019-09-06,5,5330
2019-09-09,1,12942
2019-09-09,2,12547
2019-09-09,5,10213
2019-09-10,1,13025
2019-09-10,2,12955
2019-09-10,3,2647
2019-09-10,5,4771
2019-09-10,8,1667
2019-09-10,10,769
2019-09-11,1,24703
2019-09-11,3,5159
2019-09-11,5,4816
2019-09-11,8,1488
2019-09-16,1,22030
2019-09-16,2,10342
2019-09-16,3,4354
2019-09-16,5,28846
2019-09-16,10,1037
2019-09-17,1,17897
2019-09-17,2,3971
2019-09-17,3,19
2019-09-17,5,3914
2019-09-17,6,6077
2019-09-17,8,3662
2019-09-18,1,7927
2019-09-18,3,9407
2019-09-18,5,5195
2019-09-18,8,1628
2019-09-19,1,12358
2019-09-19,3,5090
2019-09-19,5,4319
2019-09-19,8,1711
2019-09-20,1,17504
2019-09-20,2,10878
2019-09-20,3,12086
2019-09-20,5,23816
2019-09-21,8,1386
2019-09-23,1,25520
2019-09-23,2,4065
2019-09-23,5,9051
2019-09-23,8,1545
2019-09-24,1,7940
2019-09-24,3,3985
2019-09-25,1,8529
2019-09-25,2,4828
2019-09-25,3,2306
2019-09-26,1,17451
2019-09-26,2,3960
2019-09-26,3,3262
2019-09-26,5,4771
2019-09-27,1,24468
2019-09-27,2,12056
2019-09-27,3,2210
2019-09-29,1,2558
2019-09-30,1,15938
2019-09-30,2,5207
2019-09-30,10,380
2019-10-01,1,7978
2019-10-01,2,19700
2019-10-01,5,18331
2019-10-02,1,10720
2019-10-02,2,6631
2019-10-02,5,12254
2019-10-03,8,1374
2019-10-04,3,9780
2019-10-04,5,5289
2019-10-07,1,5677
2019-10-07,2,4050
2019-10-07,3,2963
2019-10-07,4,6426
2019-10-07,5,9249
2019-10-07,8,3164
2019-10-08,1,18062
2019-10-08,2,5918
2019-10-08,3,4742
2019-10-08,5,7229
2019-10-08,8,1516
2019-10-10,1,9429
2019-10-10,2,3740
2019-10-10,3,7278
2019-10-10,5,4533
2019-10-11,1,7309
2019-10-11,5,20619
2019-10-12,8,1547
2019-10-14,1,11604
2019-10-14,2,10404
2019-10-14,3,2503
2019-10-14,5,4307
2019-10-14,8,1547
2019-10-14,10,184
2019-10-15,1,7138
2019-10-15,2,8963
2019-10-15,8,2879
2019-10-16,1,9546
2019-10-16,3,8750
2019-10-16,10,234
2019-10-17,1,2840
2019-10-17,2,3694
2019-10-17,10,270
2019-10-18,1,5907
2019-10-18,6,3232
2019-10-18,8,3029
2019-10-18,10,388
2019-10-21,1,13399
2019-10-21,2,17686
2019-10-21,3,8796
2019-10-21,5,9090
2019-10-21,6,3351
2019-10-21,8,1589
2019-10-21,10,489
2019-10-22,1,12568
2019-10-22,2,8012
2019-10-22,5,12943
2019-10-22,6,1873
2019-10-23,1,9383
2019-10-23,8,1549
2019-10-24,1,10512
2019-10-24,2,8977
2019-10-24,3,13758
2019-10-24,5,4442
2019-10-24,10,595
2019-10-25,1,5455
2019-10-25,5,3810
2019-10-25,10,621
2019-10-26,1,2136
2019-10-28,1,22617
2019-10-28,2,3721
2019-10-28,3,3660
2019-10-28,5,4394
2019-10-28,8,1661
2019-10-28,10,269
2019-10-29,1,5184
2019-10-30,1,11207
2019-10-30,2,9459
2019-10-30,4,5798
2019-10-30,10,644
2019-10-31,1,15781
2019-10-31,3,3105
2019-10-31,5,8544
2019-10-31,8,2935
2019-10-31,10,423
2019-11-01,1,3942
2019-11-01,2,4068
2019-11-04,1,6171
2019-11-04,2,13941
2019-11-04,3,16223
2019-11-04,10,518
2019-11-05,1,13845
2019-11-05,2,51
2019-11-05,8,1553
2019-11-06,1,12780
2019-11-06,2,6455
2019-11-06,3,3291
2019-11-06,4,5389
2019-11-06,5,20766
2019-11-07,1,2120
2019-11-07,2,21721
2019-11-07,3,3737
2019-11-07,8,3185
2019-11-07,10,304
2019-11-08,1,13611
2019-11-08,2,3991
2019-11-08,3,3795
2019-11-08,5,17797
2019-11-09,8,1498
2019-11-11,1,13958
2019-11-11,2,3656
2019-11-11,3,6357
2019-11-11,5,4851
2019-11-11,6,3576
2019-11-11,8,1514
2019-11-12,1,5177
2019-11-12,2,8327
2019-11-12,3,3339
2019-11-12,5,10201
2019-11-12,8,1468
2019-11-12,10,498
2019-11-13,1,10736
2019-11-13,2,6389
2019-11-13,3,11820
2019-11-13,5,5114
2019-11-14,1,3862
2019-11-14,3,4973
2019-11-14,5,14952
2019-11-14,10,418
2019-11-15,1,14123
2019-11-15,2,11950
2019-11-15,3,5185
2019-11-15,8,1504
2019-11-15,10,271
2019-11-18,1,16810
2019-11-18,3,16046
2019-11-19,1,7077
2019-11-19,8,1629
2019-11-20,1,2241
2019-11-20,2,6343
2019-11-20,3,22804
2019-11-20,8,1732
2019-11-20,10,335
2019-11-21,1,13370
2019-11-21,2,6719
2019-11-21,5,15194
2019-11-22,1,3118
2019-11-22,3,8841
2019-11-22,10,193
2019-11-25,1,19085
2019-11-25,2,12830
2019-11-25,3,13784
2019-11-25,5,7023
2019-11-26,1,6293
2019-11-26,2,30194
2019-11-26,3,11022
2019-11-26,8,1533
2019-11-26,10,242
2019-11-27,1,9549
2019-11-27,2,31378
2019-11-27,3,23299
2019-11-27,6,1611
2019-11-28,1,19962
2019-11-28,5,6691
2019-11-28,10,242
2019-11-29,1,6900
2019-11-29,2,5050
2019-11-29,3,2942
2019-11-29,4,5886
2019-11-29,6,1861
2019-11-29,10,311
2019-12-02,1,22067
2019-12-02,2,8842
2019-12-02,3,3681
2019-12-03,1,14031
2019-12-03,3,42972
2019-12-04,1,8188
2019-12-04,2,9611
2019-12-04,5,5438
2019-12-04,8,3069
2019-12-05,2,9893
2019-12-05,3,5875
2019-12-05,5,4685
2019-12-06,1,2381
2019-12-06,2,24882
2019-12-06,3,12400
2019-12-06,8,1586
2019-12-08,8,1560
2019-12-09,1,9185
2019-12-09,2,10394
2019-12-09,3,12189
2019-12-09,4,6803
2019-12-09,5,14617
2019-12-10,1,7187
2019-12-10,2,15139
2019-12-10,3,5971
2019-12-10,10,1163
2019-12-11,1,12851
2019-12-11,3,22529
2019-12-11,5,14866
2019-12-12,1,6119
2019-12-12,3,7238
2019-12-12,8,1502
2019-12-13,1,25400
2019-12-13,2,21394
2019-12-13,3,2146
2019-12-16,1,4548
2019-12-16,2,13270
2019-12-16,3,10185
2019-12-16,4,4122
2019-12-16,10,394
2019-12-17,1,15943
2019-12-18,1,8477
2019-12-18,2,4646
2019-12-18,5,15559
2019-12-18,10,251
2019-12-19,1,10474
2019-12-19,2,10891
2019-12-19,3,7203
2019-12-19,5,9560
2019-12-19,8,1575
2019-12-20,2,18649
2019-12-20,3,2480
2019-12-20,5,11185
2019-12-23,1,14286
2019-12-23,3,15869
2019-12-23,6,4488
2019-12-24,1,12444
2019-12-24,2,14146
2019-12-24,3,3959
2019-12-24,5,8761
2019-12-26,1,12040
2019-12-26,2,7780
2019-12-26,5,4483
2019-12-26,10,785
2019-12-27,1,11867
2019-12-27,3,9288
2019-12-27,5,4782
2019-12-30,2,7089
2019-12-30,8,1554
2019-12-31,3,8766
2019-12-31,5,6014
2019-12-31,8,2776
2020-01-02,1,14286
2020-01-02,3,5571
2020-01-03,1,7752
2020-01-03,2,16839
2020-01-03,3,4671
2020-01-05,8,1489
2020-01-06,1,5450
2020-01-06,3,1873
2020-01-06,5,10293
2020-01-06,10,435
2020-01-07,1,3566
2020-01-07,2,6286
2020-01-07,5,13062
2020-01-07,8,4346
2020-01-08,8,1810
2020-01-09,1,4650
2020-01-09,3,16058
2020-01-10,2,16263
2020-01-10,3,2306
2020-01-13,1,13472
2020-01-13,3,18091
2020-01-13,5,7784
2020-01-13,8,1450
2020-01-14,1,22831
2020-01-14,2,17216
2020-01-14,5,9316
2020-01-14,10,493
2020-01-15,1,5145
2020-01-15,2,7101
2020-01-15,3,5687
2020-01-15,5,12878
2020-01-16,1,6306
2020-01-16,5,10828
2020-01-16,8,1496
2020-01-17,1,7031
2020-01-17,5,12944
2020-01-17,10,6565
2020-01-20,1,12954
2020-01-20,2,3567
2020-01-20,5,7559
2020-01-21,1,12433
2020-01-21,2,4548
2020-01-21,3,12160
2020-01-22,1,5725
2020-01-22,2,51792
2020-01-22,5,10066
2020-01-22,8,1562
2020-01-23,1,8081
2020-01-23,2,31201
2020-01-23,5,6444
2020-01-28,1,11977
2020-01-28,2,5006
2020-01-28,3,3397
2020-01-28,5,18402
2020-01-29,1,2701
2020-01-29,2,50934
2020-01-29,3,5299
2020-01-29,10,468
2020-01-30,1,9084
2020-01-30,3,8953
2020-01-30,5,12776
2020-01-31,1,18810
2020-01-31,2,24318
2020-01-31,3,4369
2020-01-31,8,1505
2020-02-02,1,4133
2020-02-03,1,12914
2020-02-03,2,18308
2020-02-03,3,6452
2020-02-03,4,6125
2020-02-03,8,3624
2020-02-04,1,4873
2020-02-04,3,4755
2020-02-04,5,14451
2020-02-04,10,3508
2020-02-05,3,5374
2020-02-05,6,2117
2020-02-05,10,2114
2020-02-06,1,13435
2020-02-06,2,10376
2020-02-06,3,4208
2020-02-06,8,2915
2020-02-06,10,709
2020-02-07,1,19910
2020-02-07,3,13688
2020-02-07,5,17054
2020-02-07,10,609
2020-02-08,8,1492
2020-02-10,1,14952
2020-02-10,2,4245
2020-02-10,3,8403
2020-02-10,5,4630
2020-02-10,10,345
2020-02-11,1,7409
2020-02-11,2,38070
2020-02-11,3,21431
2020-02-11,5,4795
2020-02-12,1,10352
2020-02-12,2,51404
2020-02-12,3,9665
2020-02-12,10,636
2020-02-13,1,5822
2020-02-13,2,10453
2020-02-13,5,10715
2020-02-14,1,11326
2020-02-14,2,5777
2020-02-14,3,6463
2020-02-14,10,317
2020-02-17,1,19061
2020-02-17,2,4941
2020-02-17,8,3069
2020-02-18,1,2047
2020-02-18,3,3006
2020-02-18,8,1550
2020-02-19,1,13310
2020-02-19,2,11789
2020-02-19,3,10244
2020-02-19,5,4946
2020-02-19,10,295
2020-02-20,1,15781
2020-02-20,2,7700
2020-02-20,3,9518
2020-02-20,10,798
2020-02-21,1,5287
2020-02-21,2,16910
2020-02-21,3,4488
2020-02-21,5,8560
2020-02-21,10,1078
2020-02-24,1,16542
2020-02-24,2,7360
2020-02-24,3,40898
2020-02-24,10,361
2020-02-25,1,5866
2020-02-25,2,16618
2020-02-25,3,4431
2020-02-25,5,3214
2020-02-26,1,2378
2020-02-26,3,455
2020-02-27,1,4669
2020-02-27,10,631
2020-02-28,1,7563
2020-02-28,2,4818
2020-02-28,3,3071
2020-02-28,5,17133
2020-02-28,8,1525
2020-03-02,1,5421
2020-03-02,2,14260
2020-03-02,3,6944
2020-03-03,1,6200
2020-03-03,3,6337
2020-03-03,10,708
2020-03-04,1,10430
2020-03-04,2,1437
2020-03-04,3,10592
2020-03-04,5,8147
2020-03-04,8,1739
2020-03-05,1,7962
2020-03-05,2,19106
2020-03-05,3,4085
2020-03-05,8,1756
2020-03-05,10,544
2020-03-06,1,3122
2020-03-06,2,26901
2020-03-06,3,6797
2020-03-06,5,5720
2020-03-06,8,1558
2020-03-08,8,3101
2020-03-09,1,2967
2020-03-09,5,4945
2020-03-10,2,19425
2020-03-10,3,2585
2020-03-10,8,3238
2020-03-11,1,9644
2020-03-11,3,1611
2020-03-11,10,369
2020-03-12,1,10834
2020-03-12,2,12026
2020-03-12,3,2828
2020-03-12,5,10240
2020-03-12,10,245
2020-03-13,1,7026
2020-03-13,2,14731
2020-03-13,3,6815
2020-03-13,5,5026
2020-03-13,10,2117
2020-03-16,1,6896
2020-03-16,2,5046
2020-03-16,3,3478
2020-03-16,5,25
2020-03-16,6,1582
2020-03-16,10,1177
2020-03-17,1,21712
2020-03-17,5,5920
2020-03-17,10,1056
2020-03-18,1,10756
2020-03-19,1,6429
2020-03-19,2,20032
2020-03-19,3,3626
2020-03-19,5,11541
2020-03-20,1,8165
2020-03-20,2,21531
2020-03-20,3,9135
2020-03-23,1,14441
2020-03-23,2,7932
2020-03-23,3,4958
2020-03-23,8,5383
2020-03-24,1,4961
2020-03-24,2,6857
2020-03-24,3,6883
2020-03-24,5,5398
2020-03-25,1,11283
2020-03-25,2,7272
2020-03-25,3,2080
2020-03-26,3,2843
2020-03-26,6,1623
2020-03-27,1,6288
2020-03-27,2,7560
2020-03-27,3,6411
2020-03-30,1,21696
2020-03-30,2,6245
2020-03-30,5,4617
2020-03-30,10,439
2020-03-31,1,396
2020-03-31,2,10133
2020-03-31,3,6483
2020-04-01,1,7831
2020-04-01,2,14706
2020-04-01,3,7370
2020-04-02,1,18161
2020-04-02,2,7766
2020-04-02,3,4614
2020-04-02,5,4296
2020-04-02,8,2031
2020-04-02,10,187
2020-04-03,1,12094
2020-04-03,5,4294
2020-04-03,10,604
2020-04-06,1,2379
2020-04-06,3,7495
2020-04-06,10,673
2020-04-07,1,6931
2020-04-07,2,4698
2020-04-07,3,23581
2020-04-07,5,4576
2020-04-07,8,2081
2020-04-07,10,420
2020-04-08,1,6966
2020-04-08,3,4695
2020-04-08,5,4958
2020-04-08,10,189
2020-04-09,1,5011
2020-04-09,2,9292
2020-04-09,5,10975
2020-04-09,10,203
2020-04-10,1,9722
2020-04-10,3,7612
2020-04-10,6,1550
2020-04-13,1,11280
2020-04-13,4,4002
2020-04-13,10,250
2020-04-14,1,5669
2020-04-14,3,12000
2020-04-14,5,9728
2020-04-14,8,1959
2020-04-14,10,334
2020-04-16,1,2040
2020-04-16,3,3240
2020-04-16,10,434
2020-04-17,1,3457
2020-04-17,3,6749
2020-04-17,5,6400
2020-04-19,5,4277
2020-04-20,1,14421
2020-04-20,2,14304
2020-04-20,5,4695
2020-04-20,8,1897
2020-04-20,10,194
2020-04-21,1,13583
2020-04-21,2,12700
2020-04-21,5,4891
2020-04-21,6,4096
2020-04-22,1,2102
2020-04-22,3,6163
2020-04-22,8,3486
2020-04-22,10,261
2020-04-23,1,3088
2020-04-23,3,11463
2020-04-24,1,5260
2020-04-24,3,6750
2020-04-24,5,4692
2020-04-24,8,1741
2020-04-24,10,187
2020-04-27,1,29416
2020-04-27,2,4133
2020-04-27,5,9936
2020-04-28,3,4469
2020-04-28,8,1642
2020-04-28,10,194
2020-04-29,1,8290
2020-04-29,2,9392
2020-04-29,3,8982
2020-04-29,4,3532
2020-04-29,5,7491
2020-04-29,8,1815
2020-05-01,1,6888
2020-05-01,3,6131
2020-05-01,10,281
2020-05-04,1,8131
2020-05-04,2,5903
2020-05-06,1,9479
2020-05-06,2,28652
2020-05-06,5,9047
2020-05-06,8,1578
2020-05-07,1,9026
2020-05-07,2,9631
2020-05-07,5,10137
2020-05-07,10,374
2020-05-08,8,1688
2020-05-10,8,1504
2020-05-11,1,19067
2020-05-11,2,14177
2020-05-11,3,5131
2020-05-11,4,2412
2020-05-11,5,9374
2020-05-11,10,205
2020-05-12,1,4538
2020-05-12,3,3524
2020-05-12,4,4054
2020-05-12,5,6748
2020-05-12,10,152
2020-05-13,3,3400
2020-05-13,5,11133
2020-05-13,10,202
2020-05-14,3,8357
2020-05-14,5,4404
2020-05-14,8,1687
2020-05-14,10,184
2020-05-15,1,3428
2020-05-15,2,7505
2020-05-15,3,2510
2020-05-18,1,9745
2020-05-18,2,6052
2020-05-18,3,5505
2020-05-18,10,344
2020-05-19,1,6305
2020-05-19,3,5336
2020-05-19,10,552
2020-05-20,1,8194
2020-05-20,2,4987
2020-05-20,3,6391
2020-05-20,5,9253
2020-05-20,8,2741
2020-05-20,10,969
2020-05-21,1,2401
2020-05-21,2,4678
2020-05-21,3,7625
2020-05-21,10,170
2020-05-22,1,2052
2020-05-22,2,8544
2020-05-22,10,1412
2020-05-25,1,2737
2020-05-25,2,28119
2020-05-25,3,12334
2020-05-25,5,4109
2020-05-25,10,632
2020-05-26,1,3975
2020-05-26,2,44483
2020-05-26,3,3384
2020-05-26,5,4010
2020-05-26,8,1486
2020-05-26,10,875
2020-05-27,1,2376
2020-05-27,10,570
2020-05-28,1,15412
2020-05-28,2,5606
2020-05-28,3,3167
2020-05-28,5,4137
2020-05-28,8,1465
2020-05-29,1,5244
2020-05-29,2,12997
2020-05-29,8,1528
2020-06-01,1,12637
2020-06-01,2,43679
2020-06-01,3,4930
2020-06-01,5,8445
2020-06-01,8,1585
2020-06-02,1,4221
2020-06-02,2,9994
2020-06-02,5,9620
2020-06-03,1,6277
2020-06-03,4,5879
2020-06-04,1,4042
2020-06-04,2,8701
2020-06-04,3,54
2020-06-04,5,13244
2020-06-04,8,1613
2020-06-05,1,3583
2020-06-05,3,22327
2020-06-05,5,7925
2020-06-05,8,1554
2020-06-08,1,13310
2020-06-08,2,7752
2020-06-09,1,11574
2020-06-09,2,9625
2020-06-09,3,1917
2020-06-09,5,8327
2020-06-10,1,4680
2020-06-10,8,1570
2020-06-11,1,14546
2020-06-11,3,2856
2020-06-11,5,7894
2020-06-12,1,2993
2020-06-12,2,14467
2020-06-12,3,5524
2020-06-12,5,8288
2020-06-15,1,6664
2020-06-15,2,3414
2020-06-15,3,9150
2020-06-15,5,11446
2020-06-15,6,3841
2020-06-16,1,4276
2020-06-16,3,5251
2020-06-16,8,1609
2020-06-17,1,2357
2020-06-17,5,3783
2020-06-17,8,1804
2020-06-18,1,10077
2020-06-18,3,9161
2020-06-18,5,3490
2020-06-19,5,4347
2020-06-22,1,5153
2020-06-22,2,20267
2020-06-22,3,8967
2020-06-22,5,9819
2020-06-22,8,1674
2020-06-23,1,5056
2020-06-23,3,3954
2020-06-23,5,3886
2020-06-23,10,835
2020-06-24,1,5364
2020-06-24,5,13530
2020-06-25,1,3498
2020-06-25,2,6861
2020-06-25,3,3780
2020-06-25,5,9446
2020-06-25,10,426
2020-06-26,1,2705
2020-06-26,2,32842
2020-06-26,3,14359
2020-06-26,5,18644
2020-06-29,1,14508
2020-06-29,5,14305
2020-06-29,8,7537
2020-06-30,1,4656
2020-06-30,2,6426
2020-06-30,3,4996
2020-07-01,1,11854
2020-07-01,2,3492
2020-07-01,5,6524
2020-07-01,6,1539
2020-07-02,1,10752
2020-07-02,5,5029
2020-07-02,6,3017
2020-07-03,1,1945
2020-07-03,2,3651
2020-07-03,5,5060
2020-07-06,1,18467
2020-07-06,2,3678
2020-07-06,3,13134
2020-07-06,4,5291
2020-07-06,5,3702
2020-07-06,10,778
2020-07-07,1,8153
2020-07-07,2,20026
2020-07-07,3,15110
2020-07-07,5,4016
2020-07-07,10,271
2020-07-08,1,2203
2020-07-08,3,7830
2020-07-08,8,7080
2020-07-08,10,663
2020-07-09,1,2633
2020-07-09,2,8250
2020-07-09,3,15612
2020-07-09,5,4411
2020-07-09,8,2148
2020-07-10,1,11729
2020-07-13,1,6120
2020-07-13,2,21700
2020-07-13,4,2351
2020-07-13,5,3965
2020-07-14,1,6982
2020-07-14,2,33807
2020-07-14,3,11647
2020-07-14,8,1914
2020-07-15,1,7975
2020-07-15,3,3557
2020-07-15,5,15320
2020-07-15,8,2643
2020-07-16,1,9467
2020-07-16,2,6444
2020-07-16,3,3540
2020-07-16,5,4187
2020-07-17,1,2953
2020-07-17,2,6124
2020-07-17,3,5499
2020-07-17,5,13545
2020-07-17,8,1996
2020-07-20,1,8711
2020-07-20,3,4942
2020-07-20,10,368
2020-07-21,1,17615
2020-07-21,2,40362
2020-07-21,3,27831
2020-07-21,10,787
2020-07-22,1,5906
2020-07-22,2,8217
2020-07-22,5,4054
2020-07-22,10,370
2020-07-23,1,4617
2020-07-23,2,14896
2020-07-23,3,3010
2020-07-23,5,9103
2020-07-24,1,21824
2020-07-24,2,8788
2020-07-24,5,6672
2020-07-27,1,7628
2020-07-27,2,30429
2020-07-27,5,5309
2020-07-28,1,8218
2020-07-28,6,1300
2020-07-29,1,10526
2020-07-29,8,4013
2020-07-29,10,476
2020-07-30,1,1998
2020-07-30,2,12801
2020-07-30,3,5867
2020-07-31,1,16609
2020-07-31,5,4888
2020-08-03,1,14243
2020-08-03,5,7755
2020-08-03,10,866
2020-08-04,1,5632
2020-08-04,2,4554
2020-08-04,3,2698
2020-08-04,5,9814
2020-08-04,8,2302
2020-08-05,1,18171
2020-08-05,2,16983
2020-08-05,3,5641
2020-08-05,4,2261
2020-08-05,6,1920
2020-08-06,1,9954
2020-08-06,2,15150
2020-08-06,3,12605
2020-08-06,4,6247
2020-08-07,1,22479
2020-08-07,5,14936
2020-08-10,2,18208
2020-08-12,8,2000
2020-08-12,10,349
2020-08-13,1,17641
2020-08-13,2,173
2020-08-13,3,15187
2020-08-13,5,16754
2020-08-13,8,1808
2020-08-13,10,438
2020-08-14,1,11080
2020-08-14,2,59602
2020-08-14,3,23023
2020-08-14,5,5305
2020-08-14,8,1897
2020-08-14,10,347
2020-08-18,1,17067
2020-08-18,2,5571
2020-08-18,3,5093
2020-08-18,8,1911
2020-08-18,10,2567
2020-08-19,1,4211
2020-08-19,3,7279
2020-08-19,5,30983
2020-08-19,8,1945
2020-08-20,1,2732
2020-08-20,2,4760
2020-08-20,3,4657
2020-08-20,5,14592
2020-08-20,8,2286
2020-08-21,1,15998
2020-08-21,2,26187
2020-08-21,3,2381
2020-08-21,8,4352
2020-08-21,10,403
2020-08-24,1,6973
2020-08-24,2,22712
2020-08-24,3,1884
2020-08-24,5,11883
2020-08-25,1,16935
2020-08-25,5,4439
2020-08-25,8,2061
2020-08-25,10,2026
2020-08-26,1,24044
2020-08-26,2,14888
2020-08-26,3,1719
2020-08-27,1,4491
2020-08-27,3,2422
2020-08-27,10,1041
2020-08-28,1,8975
2020-08-28,3,4740
2020-08-31,1,3535
2020-08-31,2,7044
2020-08-31,3,3972
2020-08-31,10,433
2020-09-01,1,9066
2020-09-01,2,7223
2020-09-01,3,2601
2020-09-01,6,2179
2020-09-01,8,2124
2020-09-01,10,2484
2020-09-02,1,7164
2020-09-02,10,868
2020-09-03,1,8085
2020-09-03,2,10757
2020-09-03,3,10906
2020-09-03,5,4424
2020-09-03,8,2040
2020-09-04,1,4963
2020-09-04,2,7534
2020-09-04,3,2100
2020-09-07,1,9023
2020-09-07,2,6826
2020-09-07,3,7494
2020-09-07,5,10960
2020-09-08,1,15295
2020-09-08,3,2511
2020-09-08,5,8771
2020-09-09,1,10179
2020-09-09,2,18125
2020-09-09,3,5734
2020-09-10,1,8792
2020-09-11,1,16220
2020-09-11,2,6127
2020-09-11,3,4665
2020-09-11,6,2444
2020-09-11,10,395
2020-09-12,1,2225
2020-09-14,1,17546
2020-09-14,2,18973
2020-09-14,3,9369
2020-09-14,5,6152
2020-09-14,10,397
2020-09-15,1,12291
2020-09-15,2,18114
2020-09-15,3,8209
2020-09-16,1,24427
2020-09-16,2,5521
2020-09-16,3,6440
2020-09-16,8,2135
2020-09-17,1,7731
2020-09-17,6,2336
2020-09-17,8,2176
2020-09-17,10,2224
2020-09-18,1,28876
2020-09-18,3,3701
2020-09-18,5,11938
2020-09-18,8,2583
2020-09-21,1,7958
2020-09-21,2,7033
2020-09-21,3,2733
2020-09-21,10,899
2020-09-22,1,26388
2020-09-22,2,326
2020-09-22,3,2720
2020-09-22,5,5084
2020-09-22,8,2253
2020-09-22,10,475
2020-09-23,1,14083
2020-09-23,2,10163
2020-09-23,3,2531
2020-09-23,5,16477
2020-09-23,8,2247
2020-09-24,1,11310
2020-09-25,1,9182
2020-09-25,3,3209
2020-09-25,5,63
2020-09-28,3,2656
2020-09-28,5,62821
2020-09-29,1,12386
2020-09-29,3,5213
2020-09-29,4,6885
2020-09-30,5,11456
2020-10-01,5,14066
2020-10-02,5,25554
2020-10-05,1,8068
2020-10-05,2,4212
2020-10-05,3,9131
2020-10-05,4,2795
2020-10-05,5,24991
2020-10-05,8,2485
2020-10-06,1,11221
2020-10-06,3,18018
2020-10-06,8,3657
2020-10-07,1,4165
2020-10-07,5,51388
2020-10-07,8,3956
2020-10-07,10,409
2020-10-08,1,15260
2020-10-08,2,9225
2020-10-08,3,11424
2020-10-08,4,5003
2020-10-08,8,5915
2020-10-09,1,2441
2020-10-12,2,3141
2020-10-12,4,8246
2020-10-12,5,41013
2020-10-12,6,1061
2020-10-13,1,12006
2020-10-13,2,16489
2020-10-13,3,16259
2020-10-13,5,7152
2020-10-14,1,4250
2020-10-14,3,6262
2020-10-14,5,10195
2020-10-14,8,3834
2020-10-15,1,6524
2020-10-15,5,65818
2020-10-16,1,5468
2020-10-16,5,20214
2020-10-19,1,14038
2020-10-19,2,20226
2020-10-19,3,8462
2020-10-19,5,6406
2020-10-19,8,3204
2020-10-20,1,13150
2020-10-20,3,3106
2020-10-21,1,14874
2020-10-21,2,11289
2020-10-21,5,16868
2020-10-21,8,4907
2020-10-22,1,9366
2020-10-22,3,20905
2020-10-22,8,2437
2020-10-23,1,4546
2020-10-23,2,5784
2020-10-23,3,6088
2020-10-26,1,11746
2020-10-26,6,1056
2020-10-26,10,406
2020-10-27,1,4982
2020-10-27,2,10493
2020-10-27,3,12998
2020-10-27,5,10622
2020-10-28,1,13950
2020-10-28,2,16871
2020-10-28,10,591
2020-10-29,1,16468
2020-10-29,5,31852
2020-10-30,1,9263
2020-10-30,2,6522
2020-10-30,3,3485
2020-10-30,5,73199
2020-10-30,6,3532
2020-10-31,1,2127
2020-11-02,1,7325
2020-11-02,2,37499
2020-11-02,3,3748
2020-11-03,1,7865
2020-11-03,2,3147
2020-11-03,3,4702
2020-11-03,5,13457
2020-11-03,6,2451
2020-11-03,8,4356
2020-11-04,1,14098
2020-11-04,5,3682
2020-11-05,1,2708
2020-11-05,3,8874
2020-11-05,6,1135
2020-11-05,8,2189
2020-11-06,1,10156
2020-11-06,2,10415
2020-11-06,5,3141
2020-11-06,8,2465
2020-11-09,1,8162
2020-11-09,2,17794
2020-11-09,3,2885
2020-11-09,8,2693
2020-11-10,5,6807
2020-11-11,1,13129
2020-11-11,3,4017
2020-11-11,5,2843
2020-11-12,1,5752
2020-11-12,3,9712
2020-11-12,6,1082
2020-11-13,1,10571
2020-11-13,2,3870
2020-11-13,3,4103
2020-11-13,5,3672
2020-11-16,1,8729
2020-11-16,2,290
2020-11-16,3,16795
2020-11-16,5,8852
2020-11-16,6,1180
2020-11-17,1,9661
2020-11-17,2,2799
2020-11-17,5,4557
2020-11-18,1,5425
2020-11-18,2,14189
2020-11-18,5,3700
2020-11-19,1,7286
2020-11-19,2,15704
2020-11-19,3,35521
2020-11-19,8,3150
2020-11-20,1,8584
2020-11-20,3,18293
2020-11-20,5,8730
2020-11-21,1,2549
2020-11-23,1,7595
2020-11-23,5,6525
2020-11-23,8,4439
2020-11-23,10,913
2020-11-24,1,1765
2020-11-24,2,7532
2020-11-24,3,6555
2020-11-24,8,13352
2020-11-25,1,2392
2020-11-25,5,16247
2020-11-25,8,3200
2020-11-26,1,1602
2020-11-26,3,4404
2020-11-26,5,8604
2020-11-27,1,8458
2020-11-27,2,27414
2020-11-27,3,3796
2020-11-28,6,1063
2020-11-30,1,4420
2020-11-30,2,14937
2020-11-30,3,9176
2020-12-01,1,8627
2020-12-01,5,4093
2020-12-02,1,6083
2020-12-02,2,3951
2020-12-02,5,6045
2020-12-03,1,5935
2020-12-03,3,7928
2020-12-03,6,1883
2020-12-04,1,5955
2020-12-04,6,1867
2020-12-06,1,765
2020-12-07,1,6941
2020-12-07,2,11533
2020-12-07,3,32749
2020-12-07,4,432
2020-12-07,5,3765
2020-12-07,6,1020
2020-12-07,10,759
2020-12-08,1,3537
2020-12-08,3,2671
2020-12-08,5,11176
2020-12-09,1,8744
2020-12-09,2,8926
2020-12-09,5,13500
2020-12-09,10,344
2020-12-10,1,25427
2020-12-10,3,6159
2020-12-10,5,10336
2020-12-11,2,7770
2020-12-11,5,4524
2020-12-13,6,1254
2020-12-14,1,17069
2020-12-14,2,2727
2020-12-14,3,9871
2020-12-14,4,2222
2020-12-14,5,10617
2020-12-15,1,8621
2020-12-15,2,4090
2020-12-15,3,9802
2020-12-15,5,4842
2020-12-15,10,915
2020-12-16,1,6467
2020-12-16,2,4080
2020-12-16,5,12435
2020-12-17,1,18873
2020-12-17,2,10818
2020-12-17,10,309
2020-12-18,1,8681
2020-12-18,3,1994
2020-12-18,10,742
2020-12-21,1,5091
2020-12-21,2,8265
2020-12-21,10,592
2020-12-22,1,3843
2020-12-22,3,14921
2020-12-22,5,3129
2020-12-23,1,3983
2020-12-23,2,2787
2020-12-23,3,7971
2020-12-23,5,9657
2020-12-24,1,7147
2020-12-24,2,2606
2020-12-24,3,3083
2020-12-24,10,390
2020-12-28,1,12662
2020-12-28,3,3860
2020-12-29,1,5811
2020-12-29,2,10416
2020-12-29,3,8292
2020-12-29,8,2632
2020-12-30,1,7167
2020-12-30,3,4469
2020-12-30,6,3297
2020-12-31,1,4850
2020-12-31,2,29902
2021-01-03,1,699
2021-01-04,1,16378
2021-01-04,2,19987
2021-01-04,3,26024
2021-01-04,5,5101
2021-01-05,1,5504
2021-01-05,2,2971
2021-01-05,6,3025
2021-01-05,10,375
2021-01-06,1,1891
2021-01-06,3,4777
2021-01-06,4,3649
2021-01-06,5,8457
2021-01-07,1,13244
2021-01-07,2,11192
2021-01-07,3,1843
2021-01-07,5,10668
2021-01-07,10,426
2021-01-08,1,1937
2021-01-08,2,7186
2021-01-08,3,3736
2021-01-10,8,2039
2021-01-11,1,8329
2021-01-11,2,9431
2021-01-11,3,2005
2021-01-11,8,1810
2021-01-12,1,4786
2021-01-12,3,1630
2021-01-12,6,1315
2021-01-14,1,8830
2021-01-14,2,25170
2021-01-14,3,6226
2021-01-14,10,358
2021-01-15,1,24548
2021-01-15,2,5461
2021-01-15,3,24387
2021-01-17,1,2984
2021-01-18,1,36122
2021-01-18,2,42819
2021-01-18,5,14662
2021-01-18,10,549
2021-01-19,1,5779
2021-01-19,5,8262
2021-01-19,10,715
2021-01-20,1,12111
2021-01-20,2,5478
2021-01-20,3,8003
2021-01-20,5,4328
2021-01-20,10,625
2021-01-21,1,2275
2021-01-21,3,5192
2021-01-21,5,9646
2021-01-21,8,1747
2021-01-22,1,21000
2021-01-22,2,24534
2021-01-22,3,13153
2021-01-22,5,11166
2021-01-22,10,797
2021-01-25,3,2471
2021-01-25,8,1850
2021-01-26,3,2364
2021-01-27,2,10513
2021-01-28,1,7038
2021-01-28,2,47685
2021-01-28,3,2310
2021-01-28,5,7044
2021-01-28,10,1536
2021-01-29,1,9401
2021-01-29,2,4357
2021-01-29,5,7257
2021-01-29,10,338
2021-01-30,1,2382
2021-02-01,1,23474
2021-02-01,3,2013
2021-02-01,4,7377
2021-02-01,5,8398
2021-02-01,10,387
2021-02-02,1,7213
2021-02-02,2,25069
2021-02-02,3,14484
2021-02-02,8,1895
2021-02-02,10,271
2021-02-03,1,8286
2021-02-03,2,6831
2021-02-03,3,4373
2021-02-03,5,5947
2021-02-04,1,4412
2021-02-04,2,56755
2021-02-04,3,7195
2021-02-04,5,89
2021-02-05,1,3671
2021-02-05,3,7616
2021-02-05,5,5035
2021-02-05,8,2325
2021-02-08,1,18098
2021-02-08,2,9326
2021-02-08,3,5901
2021-02-08,4,4504
2021-02-08,10,1365
2021-02-09,1,5879
2021-02-09,2,2900
2021-02-09,3,14564
2021-02-09,5,5451
2021-02-09,10,366
2021-02-10,1,10023
2021-02-10,2,10665
2021-02-10,3,21034
2021-02-15,1,7114
2021-02-16,1,5517
2021-02-16,5,6015
2021-02-16,8,2623
2021-02-16,10,285
2021-02-17,1,13836
2021-02-17,3,7398
2021-02-17,5,8954
2021-02-17,10,337
2021-02-18,1,17515
2021-02-18,3,8796
2021-02-18,5,23093
2021-02-18,10,1591
2021-02-19,1,11157
2021-02-19,3,6146
2021-02-19,5,12044
2021-02-19,8,3273
2021-02-19,10,1059
2021-02-22,1,9913
2021-02-22,2,2715
2021-02-22,3,18230
2021-02-22,10,1535
2021-02-23,1,11658
2021-02-23,2,13573
2021-02-23,3,10028
2021-02-23,5,5383
2021-02-23,10,6556
2021-02-24,1,5533
2021-02-24,3,4860
2021-02-24,8,7689
2021-02-24,10,388
2021-02-25,1,4907
2021-02-25,2,23939
2021-02-25,3,12078
2021-02-25,5,9230
2021-02-25,6,951
2021-02-25,10,1032
2021-02-26,1,5418
2021-02-26,2,17740
2021-02-26,3,9435
2021-03-02,1,7528
2021-03-02,2,10740
2021-03-03,1,6560
2021-03-03,2,7852
2021-03-03,5,11216
2021-03-03,10,343
2021-03-04,1,4641
2021-03-04,3,8621
2021-03-04,5,3268
2021-03-05,1,15981
2021-03-05,2,18618
2021-03-05,3,8250
2021-03-05,5,11922
2021-03-05,10,650
2021-03-06,2,9383
2021-03-08,1,5214
2021-03-08,2,10169
2021-03-08,3,5593
2021-03-08,5,8422
2021-03-08,8,3476
2021-03-09,1,12136
2021-03-09,2,5865
2021-03-09,5,4098
2021-03-09,8,6230
2021-03-09,10,595
2021-03-10,1,6928
2021-03-10,2,5492
2021-03-10,3,13604
2021-03-10,5,12903
2021-03-10,8,1873
2021-03-11,1,9563
2021-03-11,3,11469
2021-03-11,6,998
2021-03-11,8,1579
2021-03-12,1,6081
2021-03-12,2,13986
2021-03-12,3,11562
2021-03-12,5,3622
2021-03-15,1,2367
2021-03-15,3,11577
2021-03-16,1,7558
2021-03-16,3,2443
2021-03-16,5,7341
2021-03-16,6,1074
2021-03-16,10,371
2021-03-17,1,5354
2021-03-17,2,19188
2021-03-17,3,2069
2021-03-17,8,1354
2021-03-18,1,12285
2021-03-18,2,12278
2021-03-18,3,6000
2021-03-18,5,9453
2021-03-18,8,1468
2021-03-19,1,3776
2021-03-19,3,12369
2021-03-19,5,9990
2021-03-22,1,6540
2021-03-22,2,9933
2021-03-22,3,5305
2021-03-22,5,5853
2021-03-22,10,385
2021-03-23,1,8092
2021-03-23,4,4209
2021-03-23,5,6367
2021-03-23,6,2299
2021-03-23,10,398
2021-03-24,1,3902
2021-03-24,3,4996
2021-03-25,2,13881
2021-03-26,1,4070
2021-03-26,2,5889
2021-03-26,3,2120
2021-03-29,1,8502
2021-03-29,8,2682
2021-03-30,1,9266
2021-03-30,3,2290
2021-03-30,5,32
2021-03-30,10,592
2021-03-31,1,7041
2021-03-31,5,11589
2021-03-31,8,1533
2021-04-01,1,3332
2021-04-01,3,2022
2021-04-01,5,10054
2021-04-01,8,1939
2021-04-01,10,818
2021-04-02,1,7382
2021-04-02,3,2210
2021-04-02,5,26413
2021-04-05,1,12361
2021-04-05,3,3617
2021-04-06,1,9940
2021-04-06,2,7627
2021-04-06,3,11416
2021-04-06,6,1537
2021-04-07,1,3892
2021-04-07,5,13204
2021-04-08,1,4596
2021-04-08,2,9422
2021-04-08,3,2773
2021-04-08,8,2065
2021-04-09,1,10244
2021-04-09,3,8712
2021-04-09,8,4608
2021-04-12,1,9394
2021-04-12,2,3412
2021-04-12,3,7344
2021-04-12,5,3394
2021-04-12,8,1937
2021-04-13,1,7101
2021-04-13,5,3664
2021-04-13,10,277
2021-04-14,1,5803
2021-04-14,3,3634
2021-04-14,5,9572
2021-04-14,8,2279
2021-04-15,1,7332
2021-04-15,8,3054
2021-04-16,1,6257
2021-04-16,2,7409
2021-04-16,3,2846
2021-04-16,10,303
2021-04-18,1,2878
2021-04-19,2,4524
2021-04-19,5,17461
2021-04-19,6,1450
2021-04-19,8,11419
2021-04-20,1,2049
2021-04-20,5,7409
2021-04-21,1,9490
2021-04-21,5,3770
2021-04-21,8,1861
2021-04-22,2,19463
2021-04-22,3,3612
2021-04-22,8,1654
2021-04-23,1,5946
2021-04-23,4,5914
2021-04-23,5,4585
2021-04-26,1,7614
2021-04-26,2,9236
2021-04-26,3,2704
2021-04-26,6,2349
2021-04-26,8,1724
2021-04-27,1,6764
2021-04-27,2,6292
2021-04-27,10,258
2021-04-28,1,6930
2021-04-28,2,2597
2021-04-28,3,11187
2021-04-29,1,6536
2021-04-29,2,5842
2021-04-29,3,5242
2021-04-29,5,8481
2021-04-30,1,6176
2021-04-30,2,10715
2021-04-30,3,173
2021-04-30,8,2742
2021-05-03,1,9358
2021-05-03,2,3200
2021-05-03,3,7629
2021-05-03,4,3282
2021-05-03,5,3040
2021-05-03,8,1467
2021-05-04,1,1230
2021-05-04,3,2302
2021-05-04,4,3067
2021-05-04,5,5108
2021-05-06,1,8319
2021-05-06,2,3790
2021-05-06,3,7315
2021-05-06,5,3117
2021-05-07,1,9469
2021-05-07,2,13124
2021-05-07,5,7795
2021-05-07,10,1278
2021-05-10,1,7783
2021-05-10,2,5535
2021-05-10,3,9980
2021-05-10,5,2873
2021-05-10,6,1916
2021-05-10,8,1479
2021-05-11,1,1213
2021-05-11,6,1306
2021-05-12,1,7439
2021-05-12,5,4222
2021-05-12,8,3418
2021-05-12,10,843
2021-05-13,1,16628
2021-05-13,2,52419
2021-05-13,6,1645
2021-05-13,10,457
2021-05-14,1,5105
2021-05-14,3,2297
2021-05-14,5,3719
2021-05-14,10,1140
2021-05-17,1,14119
2021-05-17,3,4805
2021-05-17,8,2248
2021-05-18,1,5579
2021-05-18,2,10452
2021-05-18,3,10880
2021-05-18,5,8546
2021-05-20,1,2355
2021-05-20,2,3407
2021-05-20,3,7060
2021-05-20,5,2178
2021-05-20,10,273
2021-05-21,1,5643
2021-05-21,2,5174
2021-05-24,1,2630
2021-05-24,6,1210
2021-05-24,8,4966
2021-05-25,1,2156
2021-05-25,2,43172
2021-05-25,3,2887
2021-05-25,5,2831
2021-05-25,10,318
2021-05-26,1,3023
2021-05-27,1,7787
2021-05-27,3,2202
2021-05-27,8,2232
2021-05-28,1,12928
2021-05-28,2,5624
2021-05-28,5,4143
2021-05-31,1,18848
2021-05-31,2,8027
2021-05-31,6,1180
2021-05-31,10,515
2021-06-01,1,2002
2021-06-01,2,12528
2021-06-01,3,6664
2021-06-01,5,3600
2021-06-02,1,10643
2021-06-02,3,20308
2021-06-02,5,5843
2021-06-03,1,8991
2021-06-03,2,5118
2021-06-03,3,33875
2021-06-03,5,4673
2021-06-03,8,2324
2021-06-04,1,6688
2021-06-04,3,1642
2021-06-04,10,376
2021-06-07,1,8529
2021-06-07,2,7929
2021-06-07,3,1895
2021-06-07,5,16297
2021-06-08,1,5253
2021-06-08,5,3977
2021-06-09,1,6724
2021-06-09,2,584
2021-06-09,5,3447
2021-06-09,8,4996
2021-06-09,10,695
2021-06-10,1,9357
2021-06-10,2,2830
2021-06-10,3,2989
2021-06-10,5,5727
2021-06-10,8,2162
2021-06-11,1,2159
2021-06-11,2,15720
2021-06-11,3,2647
2021-06-14,1,14480
2021-06-14,2,2504
2021-06-14,3,6898
2021-06-14,5,7738
2021-06-14,6,1252
2021-06-15,1,1758
2021-06-15,2,6923
2021-06-15,6,612
2021-06-16,1,7697
2021-06-16,2,27891
2021-06-16,5,12298
2021-06-17,1,2310
2021-06-17,5,16524
2021-06-18,1,5333
2021-06-18,4,5174
2021-06-18,5,23533
2021-06-18,8,1759
2021-06-21,1,2850
2021-06-21,2,11208
2021-06-21,5,5326
2021-06-22,1,7621
2021-06-22,2,144
2021-06-22,3,1690
2021-06-22,5,14250
2021-06-23,1,8708
2021-06-23,2,16121
2021-06-23,5,6390
2021-06-23,10,362
2021-06-24,1,2010
2021-06-24,3,1811
2021-06-24,8,1996
2021-06-24,10,682
2021-06-25,1,4630
2021-06-25,3,2489
2021-06-25,8,4152
2021-06-28,1,10807
2021-06-28,2,5245
2021-06-28,5,6166
2021-06-28,10,926
2021-06-29,1,13857
2021-06-29,3,2155
2021-06-29,5,4133
2021-06-29,10,717
2021-06-30,1,4583
2021-06-30,5,6735
2021-06-30,8,3927
2021-07-01,1,6522
2021-07-01,2,11667
2021-07-01,3,3975
2021-07-01,8,6866
2021-07-02,1,4253
2021-07-02,3,3154
2021-07-02,5,12320
2021-07-02,10,431
2021-07-05,1,9503
2021-07-05,2,2396
2021-07-05,3,4422
2021-07-05,5,9843
2021-07-05,8,4102
2021-07-05,10,538
2021-07-06,1,2517
2021-07-06,3,1923
2021-07-06,4,2786
2021-07-06,5,5436
2021-07-06,10,1444
2021-07-07,1,9095
2021-07-07,2,15142
2021-07-07,3,6069
2021-07-07,8,2218
2021-07-08,1,8340
2021-07-08,2,9914
2021-07-08,5,7954
2021-07-09,1,3157
2021-07-09,2,10186
2021-07-09,3,1957
2021-07-12,1,11015
2021-07-12,3,2534
2021-07-12,5,2567
2021-07-12,8,1525
2021-07-12,10,503
2021-07-13,1,5803
2021-07-13,3,10980
2021-07-13,8,1688
2021-07-14,1,6650
2021-07-14,2,15788
2021-07-14,3,16464
2021-07-15,1,4444
2021-07-15,5,3760
2021-07-16,1,9043
2021-07-16,3,4854
2021-07-16,5,4544
2021-07-16,8,1379
2021-07-16,10,1687
2021-07-19,1,11283
2021-07-19,2,12204
2021-07-19,4,2082
2021-07-19,5,8917
2021-07-19,6,1072
2021-07-20,1,6696
2021-07-20,2,10584
2021-07-20,4,3200
2021-07-20,5,20028
2021-07-20,8,1388
2021-07-21,1,8575
2021-07-21,2,7579
2021-07-21,3,2473
2021-07-21,5,5110
2021-07-21,10,2037
2021-07-22,1,11101
2021-07-22,6,2038
2021-07-23,1,9825
2021-07-23,2,6328
2021-07-23,5,6037
2021-07-23,10,1492
2021-07-26,1,1722
2021-07-26,2,24616
2021-07-26,8,4710
2021-07-27,10,1006
2021-07-29,1,14367
2021-07-29,2,3058
2021-07-30,1,8451
2021-07-30,2,3164
2021-07-30,3,5357
2021-07-30,5,4025
2021-07-30,10,1669
2021-08-02,1,8536
2021-08-02,2,10040
2021-08-02,3,7963
2021-08-02,5,4262
2021-08-03,1,1081
2021-08-03,3,2556
2021-08-03,5,8220
2021-08-04,1,6755
2021-08-04,2,3430
2021-08-04,6,1067
2021-08-04,8,1506
2021-08-04,10,1174
2021-08-05,1,4137
2021-08-05,2,8131
2021-08-05,3,3646
2021-08-05,6,1210
2021-08-06,1,2278
2021-08-06,2,7513
2021-08-06,3,4104
2021-08-06,5,2210
2021-08-06,10,334
2021-08-09,1,11628
2021-08-09,2,48312
2021-08-09,3,11687
2021-08-10,1,8201
2021-08-10,2,19568
2021-08-11,1,3365
2021-08-11,3,14499
2021-08-11,5,4314
2021-08-11,8,1050
2021-08-11,10,434
2021-08-12,1,3793
2021-08-12,2,16629
2021-08-12,5,5824
2021-08-12,8,957
2021-08-13,1,8514
2021-08-13,2,7430
2021-08-13,3,2227
2021-08-13,8,874
2021-08-13,10,1585
2021-08-17,1,8875
2021-08-17,2,2775
2021-08-17,3,6628
2021-08-17,5,8886
2021-08-17,8,897
2021-08-17,10,347
2021-08-18,1,17380
2021-08-18,5,8367
2021-08-19,1,5489
2021-08-19,2,4140
2021-08-19,5,11041
2021-08-19,10,763
2021-08-20,1,2566
2021-08-20,2,3571
2021-08-20,3,4286
2021-08-20,5,16812
2021-08-23,1,11777
2021-08-23,2,4503
2021-08-23,3,2392
2021-08-23,8,1023
2021-08-23,10,434
2021-08-24,1,7948
2021-08-24,6,732
2021-08-25,1,6331
2021-08-25,2,16458
2021-08-25,3,1627
2021-08-25,10,991
2021-08-26,1,2463
2021-08-26,10,1343
2021-08-27,1,16552
2021-08-27,10,621
2021-08-30,1,15070
2021-08-30,2,32412
2021-08-30,3,3871
2021-08-30,5,4102
2021-08-30,10,548
2021-08-31,1,4608
2021-08-31,2,6040
2021-08-31,3,3461
2021-08-31,5,2214
2021-08-31,6,3426
2021-09-01,1,5282
2021-09-01,3,1550
2021-09-01,9,855
2021-09-01,10,303
2021-09-02,1,6150
2021-09-02,2,5524
2021-09-02,3,1125
2021-09-02,6,2186
2021-09-02,8,1184
2021-09-02,10,882
2021-09-03,1,4297
2021-09-03,6,3319
2021-09-03,8,3776
2021-09-05,8,2576
2021-09-06,1,8686
2021-09-06,2,4158
2021-09-06,3,3505
2021-09-06,5,6076
2021-09-06,6,2619
2021-09-06,8,2741
2021-09-06,10,296
2021-09-07,1,7023
2021-09-07,2,3360
2021-09-07,3,1004
2021-09-07,5,4053
2021-09-08,1,8041
2021-09-08,2,4568
2021-09-08,3,3717
2021-09-08,6,2887
2021-09-09,1,958
2021-09-09,3,7888
2021-09-09,5,10520
2021-09-09,8,967
2021-09-09,10,287
2021-09-10,1,4347
2021-09-10,3,6121
2021-09-13,1,6703
2021-09-13,2,15477
2021-09-13,5,2962
2021-09-13,8,715
2021-09-14,1,5320
2021-09-14,2,14967
2021-09-15,1,17313
2021-09-15,2,7646
2021-09-15,3,3329
2021-09-15,10,614
2021-09-16,1,2676
2021-09-16,2,3191
2021-09-16,3,2276
2021-09-16,5,3173
2021-09-16,8,603
2021-09-17,1,28564
2021-09-17,2,18281
2021-09-17,5,8387
2021-09-17,8,707
2021-09-23,1,7782
2021-09-23,10,373
2021-09-24,1,740
2021-09-24,8,674
2021-09-24,10,671
2021-09-27,1,6491
2021-09-27,3,2062
2021-09-27,4,6081
2021-09-27,5,1830
2021-09-27,8,905
2021-09-28,1,9424
2021-09-28,2,17685
2021-09-28,5,1132
2021-09-28,8,3984
2021-09-29,1,5902
2021-09-29,2,1473
2021-09-29,3,846
2021-09-29,5,2610
2021-09-30,1,5393
2021-09-30,8,947
2021-10-01,1,6290
2021-10-01,3,1098
2021-10-01,6,2432
2021-10-05,1,3879
2021-10-05,2,1600
2021-10-05,3,3242
2021-10-05,5,1285
2021-10-06,1,3573
2021-10-06,3,1039
2021-10-06,10,320
2021-10-07,1,3506
2021-10-07,3,800
2021-10-07,5,7344
2021-10-07,8,1883
2021-10-08,1,1838
2021-10-08,3,2618
2021-10-08,4,9503
2021-10-08,5,6613
2021-10-08,6,2708
2021-10-08,8,1437
2021-10-12,1,3379
2021-10-12,2,1235
2021-10-12,3,5976
2021-10-13,1,3538
2021-10-13,5,1924
2021-10-13,8,548
2021-10-14,1,329
2021-10-14,2,1116
2021-10-14,3,4052
2021-10-14,5,1222
2021-10-15,1,781
2021-10-15,2,1373
2021-10-15,3,2074
2021-10-15,8,2252
2021-10-18,1,4921
2021-10-18,2,3037
2021-10-18,3,2999
2021-10-18,10,396
2021-10-19,1,5578
2021-10-19,3,1236
2021-10-19,5,4368
2021-10-19,8,2432
2021-10-20,1,3290
2021-10-20,2,5373
2021-10-20,3,2826
2021-10-20,6,2820
2021-10-20,10,285
2021-10-21,1,1856
2021-10-21,2,7805
2021-10-21,4,4751
2021-10-21,10,332
2021-10-22,1,5650
2021-10-22,3,2005
2021-10-22,5,1012
2021-10-22,8,1633
2021-10-25,1,8001
2021-10-25,2,5622
2021-10-25,3,3318
2021-10-25,5,3352
2021-10-25,8,701
2021-10-26,1,2375
2021-10-26,3,369
2021-10-26,8,688
2021-10-26,10,1161
2021-10-27,1,1939
2021-10-27,8,1645
2021-10-28,1,9492
2021-10-28,2,4581
2021-10-28,3,983
2021-10-28,6,2563
2021-10-28,8,3144
2021-10-29,1,2949
2021-10-29,2,1363
2021-10-29,3,1482
2021-10-29,10,277
2021-11-01,1,6173
2021-11-01,2,3565
2021-11-01,3,2777
2021-11-01,5,2892
2021-11-01,8,1379
2021-11-02,1,744
2021-11-02,8,786
2021-11-03,1,4531
2021-11-03,2,3836
2021-11-03,3,1152
2021-11-03,5,2910
2021-11-03,6,5546
2021-11-03,8,671
2021-11-03,10,1176
2021-11-04,1,2545
2021-11-04,2,9225
2021-11-04,3,1732
2021-11-04,5,1508
2021-11-05,1,4371
2021-11-05,2,2397
2021-11-05,5,3777
2021-11-05,8,602
2021-11-08,1,4828
2021-11-08,2,2402
2021-11-08,3,1564
2021-11-08,8,1396
2021-11-09,1,6405
2021-11-09,2,18875
2021-11-09,5,1233
2021-11-10,1,3434
2021-11-10,2,5217
2021-11-10,3,1449
2021-11-10,8,599
2021-11-10,10,3659
2021-11-11,1,1854
2021-11-12,1,12303
2021-11-12,2,1205
2021-11-12,8,988
2021-11-15,1,4234
2021-11-15,5,2591
2021-11-15,8,615
2021-11-16,1,2889
2021-11-16,5,2922
2021-11-16,10,842
2021-11-17,1,1586
2021-11-17,3,4623
2021-11-17,5,993
2021-11-17,8,967
2021-11-18,1,2530
2021-11-18,3,1231
2021-11-18,5,1497
2021-11-18,8,2143
2021-11-19,1,1087
2021-11-19,4,9888
2021-11-19,5,4705
2021-11-22,1,2424
2021-11-22,2,7563
2021-11-22,3,1980
2021-11-22,6,4501
2021-11-22,8,1364
2021-11-23,1,4789
2021-11-23,2,1303
2021-11-23,3,6013
2021-11-23,5,1879
2021-11-24,1,3446
2021-11-24,2,7137
2021-11-24,5,3387
2021-11-24,6,6088
2021-11-24,8,846
2021-11-25,1,3743
2021-11-25,2,727
2021-11-25,5,2438
2021-11-25,8,529
2021-11-26,1,3993
2021-11-26,2,14320
2021-11-26,3,1600
2021-11-26,4,7040
2021-11-28,8,543
2021-11-29,1,1432
2021-11-29,2,9834
2021-11-29,5,2521
2021-11-29,8,484
2021-11-30,1,3139
2021-11-30,8,409
2021-12-01,1,2594
2021-12-01,2,1728
2021-12-01,3,377
2021-12-01,4,5864
2021-12-01,5,666
2021-12-01,6,3690
2021-12-01,8,415
2021-12-02,1,1050
2021-12-02,2,3263
2021-12-02,3,2013
2021-12-02,8,481
2021-12-03,1,1030
2021-12-03,2,3113
2021-12-03,3,11497
2021-12-03,8,816
2021-12-04,1,1014
2021-12-04,8,701
2021-12-06,1,3906
2021-12-06,2,6259
2021-12-06,3,2182
2021-12-06,5,578
2021-12-06,8,626
2021-12-07,1,656
2021-12-07,3,1905
2021-12-07,4,6293
2021-12-07,5,2989
2021-12-07,8,419
2021-12-08,1,1476
2021-12-08,3,7199
2021-12-08,5,2194
2021-12-09,1,7655
2021-12-09,2,3142
2021-12-09,5,2822
2021-12-09,10,290
2021-12-10,1,1296
2021-12-10,2,4611
2021-12-10,3,1850
2021-12-10,8,704
2021-12-13,1,1259
2021-12-13,2,7042
2021-12-13,3,1277
2021-12-13,5,1967
2021-12-13,6,5561
2021-12-13,8,426
2021-12-13,10,913
2021-12-14,1,2694
2021-12-14,2,4899
2021-12-14,3,1557
2021-12-14,5,2255
2021-12-14,8,392
2021-12-15,1,11932
2021-12-15,3,3997
2021-12-15,5,1410
2021-12-16,1,1452
2021-12-16,2,1721
2021-12-16,3,1493
2021-12-16,5,819
2021-12-17,3,3947
2021-12-20,1,5161
2021-12-20,2,1336
2021-12-20,3,1428
2021-12-20,5,867
2021-12-20,8,434
2021-12-21,2,9472
2021-12-21,5,1335
2021-12-21,8,1279
2021-12-22,3,2929
2021-12-22,8,402
2021-12-23,1,2590
2021-12-23,2,1829
2021-12-23,3,1241
2021-12-23,5,541
2021-12-24,1,375
2021-12-24,3,2296
2021-12-27,1,1218
2021-12-27,2,4694
2021-12-27,3,1124
2021-12-27,5,1208
2021-12-27,8,449
2021-12-28,1,5383
2021-12-28,2,138
2021-12-28,3,1399
2021-12-28,8,405
2021-12-29,1,5075
2021-12-29,2,4862
2021-12-29,3,5069
2021-12-29,8,698
2021-12-29,10,754
2021-12-30,1,1724
2021-12-30,3,3341
2021-12-30,10,311
2021-12-31,1,1168
2021-12-31,2,2067
2021-12-31,5,1219
2022-01-03,1,4294
2022-01-03,2,9223
2022-01-03,3,1875
2022-01-03,8,1075
2022-01-04,1,711
2022-01-04,2,6147
2022-01-04,8,577
2022-01-04,10,797
2022-01-05,1,450
2022-01-05,3,1159
2022-01-05,5,632
2022-01-05,10,992
2022-01-06,1,3774
2022-01-06,3,5175
2022-01-06,5,676
2022-01-06,10,359
2022-01-07,1,1107
2022-01-07,2,4176
2022-01-07,3,1942
2022-01-07,5,3856
2022-01-07,6,2875
2022-01-07,8,2706
2022-01-10,1,1513
2022-01-10,3,3156
2022-01-10,5,1219
2022-01-10,8,2499
2022-01-11,1,5117
2022-01-11,2,2083
2022-01-11,3,1378
2022-01-11,5,9280
2022-01-11,6,5343
2022-01-11,10,551
2022-01-12,1,2484
2022-01-12,2,8573
2022-01-13,1,994
2022-01-13,2,8599
2022-01-13,3,10899
2022-01-13,6,5754
2022-01-14,1,1591
2022-01-14,5,1370
2022-01-17,1,2591
2022-01-17,2,46391
2022-01-17,3,1788
2022-01-17,5,3902
2022-01-17,8,2467
2022-01-17,10,1612
2022-01-18,1,2307
2022-01-18,3,1458
2022-01-18,5,1358
2022-01-19,1,2922
2022-01-19,2,7637
2022-01-19,4,7291
2022-01-19,5,7501
2022-01-19,8,2431
2022-01-19,10,766
2022-01-20,1,942
2022-01-20,2,2159
2022-01-20,3,4020
2022-01-20,4,7017
2022-01-20,5,5135
2022-01-20,6,3124
2022-01-20,8,2521
2022-01-21,1,3461
2022-01-21,2,11414
2022-01-21,3,2373
2022-01-21,5,8152
2022-01-21,10,1148
2022-01-24,5,4141
2022-01-25,8,4646
2022-01-25,10,353
2022-01-26,1,4057
2022-01-26,3,5390
2022-01-26,8,2272
2022-01-27,1,986
2022-01-27,2,21667
2022-01-27,3,4367
2022-01-27,10,1030
2022-01-28,1,11152
2022-01-28,5,1856
2022-02-03,1,2851
2022-02-03,3,3678
2022-02-04,1,3020
2022-02-04,2,971
2022-02-04,3,3936
2022-02-04,5,8033
2022-02-04,8,2266
2022-02-04,10,2691
2022-02-07,1,2802
2022-02-07,2,4588
2022-02-07,5,15723
2022-02-07,6,2899
2022-02-07,8,2341
2022-02-08,1,2528
2022-02-08,2,19661
2022-02-08,3,9157
2022-02-08,8,5236
2022-02-09,1,1840
2022-02-09,2,9149
2022-02-09,8,3444
2022-02-09,10,370
2022-02-10,1,7799
2022-02-10,2,54649
2022-02-10,3,4767
2022-02-10,5,5300
2022-02-11,1,5206
2022-02-11,2,8135
2022-02-11,10,2418
2022-02-14,1,4662
2022-02-14,3,4692
2022-02-14,5,11324
2022-02-14,8,3256
2022-02-14,10,1065
2022-02-15,1,1363
2022-02-15,2,2700
2022-02-15,10,988
2022-02-16,1,4862
2022-02-16,2,10241
2022-02-16,5,3415
2022-02-16,8,2953
2022-02-17,1,3180
2022-02-17,10,328
2022-02-18,1,2589
2022-02-18,2,18303
2022-02-18,8,3288
2022-02-18,9,461
2022-02-18,10,334
2022-02-21,1,14682
2022-02-21,2,12477
2022-02-21,3,5964
2022-02-22,1,15068
2022-02-22,2,12503
2022-02-22,3,9382
2022-02-22,10,340
2022-02-23,1,15081
2022-02-23,2,15194
2022-02-23,3,6995
2022-02-23,8,2978
2022-02-23,9,826
2022-02-23,10,396
2022-02-24,2,4462
2022-02-24,3,11610
2022-02-24,8,2973
2022-02-25,1,9958
2022-02-25,3,13450
2022-02-25,8,2297
2022-02-27,2,8610
2022-02-28,8,3003
2022-03-02,2,23676
2022-03-02,10,305
2022-03-03,1,15093
2022-03-03,2,7169
2022-03-03,3,4210
2022-03-03,10,394
2022-03-04,2,27698
2022-03-04,10,465
2022-03-07,1,20578
2022-03-07,3,5299
2022-03-07,10,933
2022-03-08,1,2324
2022-03-08,2,5260
2022-03-08,3,1093
2022-03-08,10,768
2022-03-10,1,4452
2022-03-10,2,2728
2022-03-10,3,1451
2022-03-10,7,1205
2022-03-11,1,5823
2022-03-11,2,13932
2022-03-11,3,6633
2022-03-11,5,1831
2022-03-11,9,670
2022-03-14,5,1542
2022-03-15,1,13709
2022-03-15,2,2349
2022-03-15,3,1885
2022-03-15,5,2499
2022-03-15,9,422
2022-03-16,1,1612
2022-03-16,3,3166
2022-03-16,5,1104
2022-03-16,9,751
2022-03-17,1,5555
2022-03-17,3,3306
2022-03-17,10,852
2022-03-18,1,2928
2022-03-18,2,6275
2022-03-18,3,3215
2022-03-18,5,2650
2022-03-18,9,332
2022-03-19,1,1576
2022-03-21,2,6538
2022-03-21,3,4889
2022-03-21,5,2795
2022-03-21,10,493
2022-03-22,1,2707
2022-03-22,3,3013
2022-03-22,5,3197
2022-03-22,7,1202
2022-03-22,9,255
2022-03-23,1,1548
2022-03-23,2,4912
2022-03-23,3,1688
2022-03-23,5,807
2022-03-24,1,2428
2022-03-24,2,2546
2022-03-24,3,3901
2022-03-24,5,6700
2022-03-25,2,1682
2022-03-25,3,15020
2022-03-25,8,256
2022-03-25,10,842
2022-03-28,1,4718
2022-03-28,2,1204
2022-03-28,6,1169
2022-03-28,8,303
2022-03-29,1,1866
2022-03-29,3,2152
2022-03-29,8,301
2022-03-29,9,272
2022-03-30,1,2189
2022-03-30,3,5999
2022-03-30,5,3272
2022-03-31,1,5553
2022-03-31,3,2368
2022-03-31,5,1156
2022-04-01,1,8715
2022-04-01,3,1511
2022-04-01,8,286
2022-04-04,1,3971
2022-04-04,3,615
2022-04-04,5,2149
2022-04-05,1,2449
2022-04-05,4,5772
2022-04-05,5,1193
2022-04-05,8,275
2022-04-06,1,1098
2022-04-06,3,8918
2022-04-06,5,871
2022-04-06,9,320
2022-04-07,1,2763
2022-04-07,2,3722
2022-04-07,3,1194
2022-04-07,6,1105
2022-04-07,7,966
2022-04-08,1,1751
2022-04-08,3,3765
2022-04-08,5,2178
2022-04-08,10,390
2022-04-11,1,4751
2022-04-11,2,1579
2022-04-11,3,1613
2022-04-11,8,249
2022-04-11,9,405
2022-04-12,1,760
2022-04-12,3,8385
2022-04-12,8,204
2022-04-12,10,469
2022-04-13,1,9489
2022-04-13,2,5857
2022-04-13,3,1927
2022-04-13,4,5991
2022-04-13,5,3512
2022-04-13,6,1189
2022-04-14,1,2572
2022-04-14,3,1394
2022-04-14,5,2780
2022-04-14,7,869
2022-04-14,9,247
2022-04-15,1,825
2022-04-15,2,983
2022-04-15,10,391
2022-04-18,1,1796
2022-04-18,3,2839
2022-04-18,9,604
2022-04-19,1,3935
2022-04-19,2,4926
2022-04-19,3,5020
2022-04-19,8,612
2022-04-20,1,5738
2022-04-20,2,6485
2022-04-20,8,192
2022-04-20,9,421
2022-04-21,1,2004
2022-04-21,2,2698
2022-04-21,5,978
2022-04-21,7,795
2022-04-21,8,278
2022-04-22,1,2308
2022-04-22,2,4280
2022-04-22,3,9129
2022-04-22,4,7705
2022-04-22,5,4757
2022-04-22,8,319
2022-04-22,9,247
2022-04-25,1,3426
2022-04-25,2,1106
2022-04-25,3,18350
2022-04-25,5,1980
2022-04-25,10,892
2022-04-26,1,4658
2022-04-26,2,10046
2022-04-26,5,833
2022-04-26,9,824
2022-04-27,1,4612
2022-04-27,2,2373
2022-04-27,5,1070
2022-04-27,8,1416
2022-04-28,1,80030
2022-04-28,3,5910
2022-04-28,4,4795
2022-04-28,8,191
2022-04-29,1,2393
2022-04-29,2,1034
2022-04-29,7,1097
2022-04-30,7,1185
2022-05-02,2,3707
2022-05-02,3,3382
2022-05-02,5,4577
2022-05-02,7,1517
2022-05-03,1,2754
2022-05-03,2,4012
2022-05-03,3,1191
2022-05-03,5,486
2022-05-03,10,400
2022-05-04,2,6065
2022-05-04,5,2010
2022-05-04,10,1440
2022-05-06,2,2705
2022-05-06,3,1858
2022-05-06,8,158
2022-05-09,1,4928
2022-05-09,2,4430
2022-05-09,5,2191
2022-05-09,9,345
2022-05-10,1,523
2022-05-10,2,27045
2022-05-10,3,2217
2022-05-10,5,1203
2022-05-10,8,128
2022-05-11,1,2902
2022-05-11,2,1720
2022-05-11,5,752
2022-05-11,7,2142
2022-05-12,1,966
2022-05-12,2,3419
2022-05-12,3,3873
2022-05-12,5,1278
2022-05-12,6,1642
2022-05-12,10,708
2022-05-13,1,2202
2022-05-13,2,2683
2022-05-13,3,1072
2022-05-13,5,737
2022-05-13,8,157
2022-05-16,1,3848
2022-05-16,2,3461
2022-05-16,5,1821
2022-05-16,7,2214
2022-05-17,1,7974
2022-05-17,2,686
2022-05-17,3,4907
2022-05-17,9,235
2022-05-18,1,1821
2022-05-18,2,3991
2022-05-18,3,1680
2022-05-18,6,1067
2022-05-18,8,129
2022-05-19,1,1166
2022-05-19,2,1820
2022-05-19,3,2541
2022-05-19,8,140
2022-05-20,2,2551
2022-05-20,5,875
2022-05-23,1,1288
2022-05-23,2,1175
2022-05-23,3,3893
2022-05-23,5,1146
2022-05-23,7,2201
2022-05-24,1,1221
2022-05-24,2,8240
2022-05-24,3,944
2022-05-24,5,943
2022-05-24,7,4657
2022-05-24,9,456
2022-05-25,1,4284
2022-05-25,2,17467
2022-05-25,5,1104
2022-05-25,9,787
2022-05-26,1,1348
2022-05-26,2,1078
2022-05-26,3,432
2022-05-26,5,3006
2022-05-27,1,4021
2022-05-27,2,3925
2022-05-27,3,1818
2022-05-27,5,840
2022-05-27,9,761
2022-05-30,2,8065
2022-05-30,5,837
2022-05-30,8,115
2022-05-30,9,229
2022-05-31,1,3080
2022-05-31,2,3480
2022-05-31,3,1464
2022-05-31,9,483
2022-06-02,1,6703
2022-06-02,3,14374
2022-06-02,5,1098
2022-06-02,8,111
2022-06-03,1,4099
2022-06-03,2,2263
2022-06-03,3,553
2022-06-03,7,2373
2022-06-04,2,1050
2022-06-07,1,1898
2022-06-07,2,1264
2022-06-07,3,2968
2022-06-07,4,8779
2022-06-07,5,609
2022-06-08,1,1669
2022-06-08,2,1959
2022-06-08,3,1704
2022-06-08,5,1671
2022-06-09,1,3695
2022-06-09,2,2823
2022-06-09,3,2451
2022-06-09,5,520
2022-06-09,8,124
2022-06-10,1,2740
2022-06-10,2,4894
2022-06-11,5,579
2022-06-13,8,195
2022-06-14,1,2538
2022-06-14,2,3778
2022-06-14,3,1588
2022-06-14,5,1665
2022-06-14,8,81
2022-06-15,1,2405
2022-06-15,2,10530
2022-06-15,3,1006
2022-06-15,5,1076
2022-06-15,8,76
2022-06-15,9,316
2022-06-16,1,1874
2022-06-16,2,950
2022-06-16,5,1248
2022-06-16,8,2113
2022-06-17,1,6835
2022-06-17,2,1287
2022-06-17,5,2228
2022-06-17,6,742
2022-06-17,8,3592
2022-06-19,1,980
2022-06-20,1,1886
2022-06-20,3,2843
2022-06-20,6,4131
2022-06-20,8,62
2022-06-21,1,718
2022-06-21,2,2665
2022-06-21,3,2717
2022-06-21,5,2063
2022-06-21,9,360
2022-06-21,10,796
2022-06-22,1,1349
2022-06-22,2,5168
2022-06-22,3,1218
2022-06-22,5,1323
2022-06-22,8,57
2022-06-22,10,439
2022-06-23,1,2879
2022-06-23,8,71
2022-06-23,9,232
2022-06-24,3,3445
2022-06-24,6,2216
2022-06-26,1,2066
2022-06-27,1,5681
2022-06-27,2,1033
2022-06-27,8,63
2022-06-27,9,158
2022-06-28,1,5147
2022-06-28,3,1073
2022-06-28,5,2365
2022-06-29,1,624
2022-06-29,2,721
2022-06-29,3,3356
2022-06-29,5,530
2022-06-30,1,1352
2022-06-30,3,5099
2022-06-30,5,349
2022-07-01,1,813
2022-07-01,2,4453
2022-07-01,3,1295
2022-07-01,4,4806
2022-07-01,5,5765
2022-07-02,5,835
2022-07-04,1,2420
2022-07-04,2,5643
2022-07-05,2,1663
2022-07-05,3,2603
2022-07-05,5,5558
2022-07-06,1,3598
2022-07-06,2,8829
2022-07-06,3,1125
2022-07-06,6,2467
2022-07-06,8,68
2022-07-06,9,283
2022-07-06,10,3554
2022-07-07,1,904
2022-07-07,2,1857
2022-07-07,3,4998
2022-07-07,5,895
2022-07-07,8,58
2022-07-08,1,2930
2022-07-08,2,2884
2022-07-08,3,1375
2022-07-08,8,63
2022-07-11,1,1815
2022-07-11,3,2659
2022-07-11,9,275
2022-07-12,1,1673
2022-07-12,2,11545
2022-07-12,5,640
2022-07-12,8,65
2022-07-12,9,192
2022-07-13,1,3577
2022-07-13,2,538
2022-07-13,3,11738
2022-07-13,8,82
2022-07-14,1,3252
2022-07-14,2,2360
2022-07-14,5,2807
2022-07-15,2,7116
2022-07-15,7,2438
2022-07-15,10,798
2022-07-18,1,2690
2022-07-18,2,20044
2022-07-18,3,3997
2022-07-18,4,3685
2022-07-18,5,2343
2022-07-18,9,617
2022-07-19,1,2004
2022-07-19,2,4027
2022-07-19,3,1422
2022-07-19,5,1318
2022-07-19,8,55
2022-07-19,10,483
2022-07-20,1,2123
2022-07-20,2,3332
2022-07-20,5,2911
2022-07-20,8,132
2022-07-20,10,2625
2022-07-21,2,6247
2022-07-21,3,1604
2022-07-21,5,2150
2022-07-21,8,68
2022-07-22,1,5154
2022-07-22,5,449
2022-07-25,8,124
2022-07-27,8,82
2022-07-28,1,2210
2022-07-28,2,416
2022-07-28,3,2483
2022-07-28,5,2232
2022-07-29,1,1455
2022-07-29,2,3203
2022-07-29,3,1166
2022-07-29,4,8247
2022-07-29,6,2155
2022-07-29,8,4307
2022-07-29,10,1975
2022-07-31,1,411
2022-08-01,1,3069
2022-08-01,2,40670
2022-08-01,3,4315
2022-08-01,8,3715
2022-08-01,9,452
2022-08-02,1,2877
2022-08-02,2,1712
2022-08-02,3,1055
2022-08-02,5,5529
2022-08-02,10,369
2022-08-03,1,2257
2022-08-03,3,3866
2022-08-03,5,1734
2022-08-04,1,600
2022-08-04,2,1833
2022-08-04,5,638
2022-08-04,8,84
2022-08-04,10,748
2022-08-05,1,3041
2022-08-05,3,2754
2022-08-08,1,3163
2022-08-08,2,2454
2022-08-08,3,7318
2022-08-08,5,968
2022-08-08,6,1953
2022-08-08,8,47
2022-08-09,1,5729
2022-08-09,2,956
2022-08-09,3,2467
2022-08-09,5,998
2022-08-09,6,1925
2022-08-10,1,950
2022-08-10,2,3538
2022-08-10,10,858
2022-08-11,2,4756
2022-08-11,3,2810
2022-08-11,5,1782
2022-08-11,6,1981
2022-08-12,1,934
2022-08-12,8,52
2022-08-12,10,289
2022-08-16,1,2414
2022-08-16,3,3382
2022-08-16,5,1237
2022-08-17,1,7197
2022-08-17,2,1946
2022-08-17,8,53
2022-08-18,1,8313
2022-08-18,5,1131
2022-08-18,8,80
2022-08-19,1,2704
2022-08-19,3,1614
2022-08-19,8,53
2022-08-19,10,283
2022-08-22,1,5202
2022-08-22,3,2306
2022-08-22,5,860
2022-08-22,10,327
2022-08-23,1,7398
2022-08-23,2,2869
2022-08-23,3,1284
2022-08-23,5,8025
2022-08-23,9,198
2022-08-24,1,1562
2022-08-24,2,6924
2022-08-24,9,248
2022-08-24,10,627
2022-08-25,1,1337
2022-08-25,3,6022
2022-08-26,3,6712
2022-08-26,8,46
2022-08-29,1,3197
2022-08-29,2,5695
2022-08-29,3,1464
2022-08-29,4,22571
2022-08-30,1,1198
2022-08-30,3,2240
2022-08-31,1,2778
2022-08-31,2,7350
2022-08-31,3,5893
2022-08-31,5,854
2022-08-31,9,282
2022-08-31,10,1724
2022-09-01,1,10008
2022-09-01,2,3191
2022-09-01,5,1832
2022-09-01,6,4276
2022-09-01,10,493
2022-09-02,1,8114
2022-09-02,2,3936
2022-09-02,3,7211
2022-09-02,5,2713
2022-09-03,9,244
2022-09-05,1,1047
2022-09-05,2,1474
2022-09-05,3,1658
2022-09-05,5,544
2022-09-05,6,3520
2022-09-06,1,1957
2022-09-06,3,460
2022-09-06,5,2155
2022-09-06,6,1975
2022-09-07,1,1221
2022-09-07,3,6611
2022-09-07,8,36
2022-09-08,1,2384
2022-09-08,2,2701
2022-09-08,3,1062
2022-09-13,1,1360
2022-09-13,2,3160
2022-09-13,3,2413
2022-09-13,5,334
2022-09-14,1,3618
2022-09-14,2,1349
2022-09-14,3,1055
2022-09-14,5,398
2022-09-14,7,3059
2022-09-14,8,38
2022-09-15,1,1585
2022-09-15,2,3134
2022-09-15,3,1237
2022-09-15,4,10298
2022-09-15,5,430
2022-09-15,9,451
2022-09-16,1,1380
2022-09-16,3,8172
2022-09-16,7,4097
2022-09-16,8,81
2022-09-16,9,260
2022-09-16,10,1219
2022-09-19,1,4445
2022-09-19,2,3678
2022-09-19,5,2473
2022-09-19,9,198
2022-09-19,10,465
2022-09-20,1,743
2022-09-20,2,1148
2022-09-20,5,2032
2022-09-20,8,103
2022-09-21,1,3459
2022-09-21,2,574
2022-09-21,3,857
2022-09-21,5,1374
2022-09-22,1,1396
2022-09-22,2,3764
2022-09-22,5,5550
2022-09-22,8,1282
2022-09-23,1,1224
2022-09-23,2,1224
2022-09-23,3,1623
2022-09-23,6,1705
2022-09-23,7,1788
2022-09-26,1,939
2022-09-26,2,617
2022-09-26,3,3882
2022-09-26,5,4669
2022-09-26,9,277
2022-09-27,1,1325
2022-09-27,2,3862
2022-09-27,3,1184
2022-09-27,5,5175
2022-09-28,1,1520
2022-09-28,2,466
2022-09-28,3,1119
2022-09-29,1,1823
2022-09-29,3,477
2022-09-29,9,395
2022-09-30,1,1374
2022-09-30,2,2793
2022-09-30,3,3330
2022-09-30,8,2732
2022-10-04,1,1679
2022-10-04,2,2164
2022-10-04,6,1705
2022-10-05,1,432
2022-10-05,5,1806
2022-10-05,8,1312
2022-10-05,10,353
2022-10-06,1,952
2022-10-06,2,835
2022-10-06,3,681
2022-10-06,7,1582
2022-10-06,8,3904
2022-10-06,10,284
2022-10-07,1,2147
2022-10-07,3,5612
2022-10-07,7,1695
2022-10-07,10,885
2022-10-11,1,2836
2022-10-11,2,983
2022-10-11,4,6971
2022-10-11,5,6497
2022-10-11,8,1301
2022-10-12,1,2293
2022-10-12,3,1148
2022-10-12,7,3585
2022-10-12,9,434
2022-10-13,1,60196
2022-10-13,2,664
2022-10-13,3,1118
2022-10-13,8,2652
2022-10-14,1,1697
2022-10-14,3,8442
2022-10-14,4,8846
2022-10-14,5,4146
2022-10-14,6,24802
2022-10-14,7,5582
2022-10-14,10,1017
2022-10-17,1,1246
2022-10-17,2,1582
2022-10-17,3,14418
2022-10-18,1,2594
2022-10-18,2,463
2022-10-18,9,192
2022-10-18,10,324
2022-10-19,1,2073
2022-10-19,2,3421
2022-10-19,3,3755
2022-10-19,8,1317
2022-10-20,1,3939
2022-10-20,2,3187
2022-10-20,3,4413
2022-10-20,8,1290
2022-10-20,9,463
2022-10-21,1,923
2022-10-21,8,2594
2022-10-22,1,361
2022-10-24,1,1585
2022-10-24,2,1874
2022-10-24,3,8929
2022-10-24,6,5927
2022-10-24,8,2582
2022-10-24,9,188
2022-10-25,1,2449
2022-10-25,3,4180
2022-10-26,1,829
2022-10-26,2,2454
2022-10-26,5,2938
2022-10-26,7,4481
2022-10-26,9,169
2022-10-27,1,1258
2022-10-27,5,570
2022-10-27,8,1293
2022-10-28,1,2141
2022-10-28,2,3981
2022-10-28,5,4849
2022-10-31,1,1798
2022-10-31,2,3397
2022-11-01,1,1728
2022-11-01,2,1352
2022-11-01,3,6882
2022-11-01,4,8305
2022-11-01,5,5504
2022-11-01,7,4118
2022-11-02,1,411
2022-11-02,3,1960
2022-11-03,1,7670
2022-11-03,2,6852
2022-11-03,3,4634
2022-11-03,5,9597
2022-11-03,8,1337
2022-11-03,10,351
2022-11-04,1,11158
2022-11-04,2,4177
2022-11-04,3,5109
2022-11-04,5,5054
2022-11-07,1,15379
2022-11-07,2,940
2022-11-07,7,2525
2022-11-07,9,526
2022-11-08,1,11217
2022-11-08,2,15675
2022-11-08,8,1331
2022-11-08,9,529
2022-11-08,10,1158
2022-11-09,1,1658
2022-11-09,2,2280
2022-11-09,3,3621
2022-11-10,1,11514
2022-11-10,2,27229
2022-11-10,5,2907
2022-11-10,6,2422
2022-11-10,9,178
2022-11-11,2,7413
2022-11-11,3,2564
2022-11-11,8,2906
2022-11-14,1,1812
2022-11-14,2,12789
2022-11-14,3,11213
2022-11-14,5,4342
2022-11-14,8,1371
2022-11-14,10,313
2022-11-15,1,6377
2022-11-15,3,4472
2022-11-15,7,3495
2022-11-15,8,125
2022-11-15,10,465
2022-11-16,1,1183
2022-11-16,2,6583
2022-11-16,3,1718
2022-11-16,5,458
2022-11-16,7,1006
2022-11-17,1,820
2022-11-17,2,848
2022-11-17,3,280
2022-11-17,5,1550
2022-11-17,7,1443
2022-11-18,1,755
2022-11-18,4,3462
2022-11-18,5,2126
2022-11-18,10,1121
2022-11-21,1,240
2022-11-21,3,2590
2022-11-21,5,679
2022-11-21,6,579
2022-11-21,7,1364
2022-11-21,8,354
2022-11-22,1,2327
2022-11-22,2,11177
2022-11-22,7,704
2022-11-22,8,861
2022-11-22,9,804
2022-11-23,2,5583
2022-11-23,3,853
2022-11-23,7,890
2022-11-24,1,660
2022-11-24,2,2268
2022-11-24,9,533
2022-11-25,1,646
2022-11-25,3,1719
2022-11-25,7,700
2022-11-25,9,181
2022-11-28,1,3180
2022-11-28,2,609
2022-11-28,3,1082
2022-11-28,5,2757
2022-11-28,8,291
2022-11-29,1,293
2022-11-29,2,7400
2022-11-29,3,2263
2022-11-29,7,716
2022-11-30,1,1690
2022-11-30,3,324
2022-11-30,5,611
2022-11-30,6,640
2022-11-30,8,262
2022-11-30,9,554
2022-12-01,1,446
2022-12-01,3,2686
2022-12-01,4,2023
2022-12-01,6,747
2022-12-02,1,1361
2022-12-02,3,8403
2022-12-02,5,1330
2022-12-02,6,598
2022-12-02,7,4390
2022-12-05,1,1015
2022-12-05,3,973
2022-12-05,4,2910
2022-12-05,6,747
2022-12-05,8,399
2022-12-06,1,1215
2022-12-06,3,1549
2022-12-06,5,639
2022-12-07,1,1268
2022-12-07,2,483
2022-12-07,3,922
2022-12-07,5,1985
2022-12-08,2,999
2022-12-08,5,775
2022-12-08,6,732
2022-12-08,8,317
2022-12-09,1,1388
2022-12-09,8,380
2022-12-13,9,295
2022-12-14,9,717
2022-12-19,9,309
2022-12-30,9,289
2023-01-03,10,368
2023-01-05,1,7675
2023-01-05,2,4609
2023-01-05,3,5251
2023-01-05,5,7277
2023-01-06,1,2663
2023-01-06,3,1200
2023-01-06,10,555
2023-01-09,1,842
2023-01-09,2,1001
2023-01-09,3,2112
2023-01-09,8,328
2023-01-10,1,593
2023-01-10,2,15679
2023-01-10,5,705
2023-01-10,8,221
2023-01-10,9,736
2023-01-10,10,1576
2023-01-11,1,463
2023-01-11,2,4833
2023-01-11,3,1328
2023-01-11,5,1097
2023-01-12,1,2002
2023-01-12,3,2767
2023-01-13,1,512
2023-01-13,2,7962
2023-01-13,3,9876
2023-01-13,5,1691
2023-01-13,8,541
2023-01-13,9,560
2023-01-16,1,865
2023-01-16,3,3041
2023-01-16,4,4006
2023-01-16,5,808
2023-01-17,1,1288
2023-01-17,2,1092
2023-01-17,3,1421
2023-01-17,5,6255
2023-01-17,8,225
2023-01-17,9,1141
2023-01-18,2,2522
2023-01-19,2,2416
2023-01-19,8,419
2023-01-19,9,3208
2023-01-20,1,7379
2023-01-20,2,2331
2023-01-20,3,1668
2023-01-20,5,1672
2023-01-25,1,780
2023-01-25,2,15758
2023-01-25,5,5133
2023-01-26,5,470
2023-01-27,3,2368
2023-01-27,9,415
2023-01-28,9,466
2023-01-30,1,615
2023-01-30,2,853
2023-01-30,3,792
2023-01-30,4,3516
2023-01-30,5,1022
2023-01-30,8,1000
2023-01-30,9,528
2023-01-30,10,2128
2023-01-31,1,727
2023-01-31,2,36871
2023-01-31,3,5226
2023-01-31,8,335
2023-02-01,1,1249
2023-02-01,2,14292
2023-02-01,3,2780
2023-02-01,5,2793
2023-02-01,8,475
2023-02-01,9,1120
2023-02-02,1,1198
2023-02-02,2,8054
2023-02-02,3,2466
2023-02-02,5,512
2023-02-02,6,813
2023-02-02,8,190
2023-02-03,1,3856
2023-02-03,2,2953
2023-02-03,3,1409
2023-02-03,5,631
2023-02-03,8,217
2023-02-03,10,1096
2023-02-06,1,459
2023-02-06,2,2719
2023-02-06,3,4977
2023-02-06,5,2320
2023-02-06,8,202
2023-02-06,9,679
2023-02-06,10,5259
2023-02-07,1,6986
2023-02-08,1,2448
2023-02-08,2,2194
2023-02-08,3,5415
2023-02-08,8,822
2023-02-09,1,1011
2023-02-09,3,5376
2023-02-09,8,187
2023-02-09,10,2696
2023-02-10,1,3611
2023-02-10,2,1272
2023-02-10,8,209
2023-02-10,10,1213
2023-02-13,1,685
2023-02-13,5,3963
2023-02-14,1,11174
2023-02-14,5,981
2023-02-14,7,14931
2023-02-14,9,512
2023-02-15,1,956
2023-02-15,5,1209
2023-02-15,8,195
2023-02-15,10,1172
2023-02-16,1,880
2023-02-16,3,1874
2023-02-16,5,896
2023-02-16,9,820
2023-02-17,1,1284
2023-02-20,1,1618
2023-02-20,3,2400
2023-02-20,5,1578
2023-02-20,8,281
2023-02-21,1,3512
2023-02-21,3,1972
2023-02-21,5,6056
2023-02-21,8,111
2023-02-21,10,1029
2023-02-22,2,2850
2023-02-22,3,481
2023-02-22,5,948
2023-02-23,1,1397
2023-02-23,5,1371
2023-02-23,8,692
2023-02-23,10,404
2023-02-24,1,1255
2023-02-24,3,1279
2023-02-24,8,228
2023-02-24,10,318
2023-02-26,2,6195
2023-02-27,1,1592
2023-02-27,3,5034
2023-02-27,8,119
2023-02-27,10,1996
2023-02-28,1,1580
2023-02-28,8,723
2023-02-28,9,710
2023-02-28,10,826
2023-03-01,5,1291
2023-03-02,1,2731
2023-03-02,2,3242
2023-03-02,8,298
2023-03-03,1,1158
2023-03-03,2,2741
2023-03-03,3,2594
2023-03-03,5,1690
2023-03-03,8,748
2023-03-03,10,482
2023-03-04,9,870
2023-03-06,1,2358
2023-03-06,3,3537
2023-03-06,5,862
2023-03-06,8,435
2023-03-07,1,1693
2023-03-07,2,807
2023-03-07,3,3166
2023-03-07,5,1986
2023-03-07,9,804
2023-03-07,10,769
2023-03-08,1,310
2023-03-08,2,3009
2023-03-08,3,1188
2023-03-08,8,418
2023-03-08,10,259
2023-03-09,1,2576
2023-03-09,2,7086
2023-03-09,3,3555
2023-03-09,5,1287
2023-03-09,7,1189
2023-03-09,8,440
2023-03-09,9,282
2023-03-10,1,869
2023-03-10,3,1886
2023-03-10,8,447
2023-03-10,9,373
2023-03-13,1,1076
2023-03-13,2,1361
2023-03-13,3,1537
2023-03-13,8,330
2023-03-13,10,326
2023-03-14,1,2503
2023-03-14,3,1313
2023-03-14,5,675
2023-03-14,8,678
2023-03-14,9,652
2023-03-15,1,1693
2023-03-15,2,2359
2023-03-15,7,369
2023-03-15,8,314
2023-03-16,1,2202
2023-03-16,3,8045
2023-03-16,5,321
2023-03-16,8,586
2023-03-17,1,1826
2023-03-17,2,1674
2023-03-17,3,1623
2023-03-17,5,680
2023-03-17,9,555
2023-03-20,2,2349
2023-03-20,3,2632
2023-03-20,5,2020
2023-03-20,8,579
2023-03-21,1,5702
2023-03-21,2,1257
2023-03-21,3,1904
2023-03-21,5,904
2023-03-21,8,136
2023-03-22,2,4289
2023-03-22,5,3107
2023-03-22,8,253
2023-03-22,10,285
2023-03-23,1,1015
2023-03-23,2,1384
2023-03-23,5,1240
2023-03-23,8,95
2023-03-24,1,4954
2023-03-24,3,563
2023-03-24,7,286
2023-03-24,8,411
2023-03-24,9,275
2023-03-27,3,2623
2023-03-27,5,1196
2023-03-27,8,126
2023-03-27,10,212
2023-03-28,3,3229
2023-03-28,5,944
2023-03-28,8,426
2023-03-28,10,365
2023-03-29,1,2157
2023-03-29,3,1648
2023-03-29,5,280
2023-03-29,8,348
2023-03-30,5,293
2023-03-30,8,262
2023-03-31,1,1059
2023-03-31,3,2410
2023-03-31,5,1888
2023-03-31,7,295
2023-03-31,10,483
2023-04-02,8,200
2023-04-03,1,3043
2023-04-03,2,841
2023-04-03,3,847
2023-04-03,5,1846
2023-04-03,8,170
2023-04-04,1,1576
2023-04-04,2,1003
2023-04-04,5,1498
2023-04-04,8,879
2023-04-05,8,236
2023-04-06,1,1354
2023-04-06,5,2249
2023-04-06,8,212
2023-04-07,1,2000
2023-04-07,3,1018
2023-04-07,7,239
2023-04-07,8,250
2023-04-10,1,3304
2023-04-10,3,247
2023-04-10,5,1055
2023-04-10,8,106
2023-04-10,9,251
2023-04-10,10,1427
2023-04-11,1,2243
2023-04-11,3,1322
2023-04-11,5,483
2023-04-11,6,366
2023-04-11,8,696
2023-04-11,9,455
2023-04-12,1,1637
2023-04-12,3,1223
2023-04-12,5,1807
2023-04-12,7,1569
2023-04-12,9,293
2023-04-13,1,458
2023-04-13,3,2131
2023-04-13,5,1087
2023-04-13,8,132
2023-04-13,10,297
2023-04-14,1,392
2023-04-14,3,853
2023-04-14,7,546
2023-04-17,1,1036
2023-04-17,5,1150
2023-04-17,8,710
2023-04-18,1,1339
2023-04-18,3,256
2023-04-18,8,449
2023-04-18,9,281
2023-04-19,1,605
2023-04-19,2,409
2023-04-19,10,102
2023-04-20,1,319
2023-04-20,2,2555
2023-04-20,3,3735
2023-04-20,8,532
2023-04-20,9,381
2023-04-20,10,132
2023-04-21,1,1110
2023-04-21,2,2823
2023-04-21,3,997
2023-04-21,5,750
2023-04-21,7,410
2023-04-24,1,2972
2023-04-24,2,1619
2023-04-24,3,739
2023-04-24,5,1441
2023-04-24,6,640
2023-04-24,9,154
2023-04-24,10,249
2023-04-25,2,1090
2023-04-25,3,1776
2023-04-25,5,1618
2023-04-25,8,417
2023-04-25,9,110
2023-04-26,1,4096
2023-04-26,2,3244
2023-04-26,5,1074
2023-04-27,1,810
2023-04-27,3,2736
2023-04-27,8,635
2023-04-27,9,81
2023-04-28,1,3399
2023-04-28,2,589
2023-04-28,3,1442
2023-04-28,7,233
2023-04-28,8,259
2023-04-28,9,205
2023-05-01,1,5361
2023-05-01,2,800
2023-05-01,3,1762
2023-05-01,5,977
2023-05-01,8,196
2023-05-01,9,222
2023-05-01,10,478
2023-05-02,1,1687
2023-05-02,2,386
2023-05-02,5,788
2023-05-02,8,367
2023-05-02,9,213
2023-05-02,10,1716
2023-05-03,1,1121
2023-05-03,2,3225
2023-05-03,5,1122
2023-05-04,1,3185
2023-05-04,2,1675
2023-05-04,5,678
2023-05-04,6,239
2023-05-04,7,584
2023-05-04,8,175
2023-05-09,1,61895
2023-05-09,2,2022
2023-05-09,3,3822
2023-05-09,5,395
2023-05-09,8,510
2023-05-10,1,2692
2023-05-10,2,15699
2023-05-10,3,2932
2023-05-10,10,532
2023-05-11,1,1279
2023-05-11,3,1210
2023-05-11,7,354
2023-05-12,1,713
2023-05-12,2,597
2023-05-12,4,465
2023-05-12,5,274
2023-05-15,1,2161
2023-05-15,2,2981
2023-05-15,3,667
2023-05-15,8,805
2023-05-16,1,1501
2023-05-16,2,525
2023-05-16,7,509
2023-05-16,8,271
2023-05-17,1,1253
2023-05-17,2,1041
2023-05-17,3,123
2023-05-18,1,2593
2023-05-18,2,736
2023-05-18,3,585
2023-05-18,5,475
2023-05-18,7,186
2023-05-18,8,111
2023-05-18,9,205
2023-05-19,1,428
2023-05-19,2,1435
2023-05-19,3,834
2023-05-19,5,708
2023-05-19,7,209
2023-05-19,10,35
2023-05-22,1,629
2023-05-22,2,332
2023-05-22,3,2458
2023-05-22,8,127
2023-05-22,9,25
2023-05-23,1,435
2023-05-23,2,1228
2023-05-23,3,732
2023-05-23,5,386
2023-05-23,8,215
2023-05-24,1,482
2023-05-24,2,885
2023-05-24,5,134
2023-05-24,8,243
2023-05-24,9,21
2023-05-24,10,181
2023-05-25,1,479
2023-05-25,2,207
2023-05-25,3,396
2023-05-25,5,573
2023-05-25,6,118
2023-05-25,8,157
2023-05-26,1,215
2023-05-26,2,308
2023-05-26,3,201
2023-05-26,7,32
2023-05-26,8,59
2023-05-26,9,32
